Rk,Date,Comp,Round,Venue,Squad,Opponent,Start,xG,PSxG,Body Part,Distance,Minute,Score,Goalkeeper,Assist,GCA1,Type,GCA2,Type,Notes
1,2023-04-01,La Liga,Matchweek 27,Away,Barcelona,Elche,Y,0.36,0.22,Right Foot,13,66,2-0,Édgar Badía,Gavi,Gavi,Pass (Live),,,
2,2023-04-01,La Liga,Matchweek 27,Away,Barcelona,Elche,Y,0.15,0.18,Right Foot,10,20,0-0,Édgar Badía,Ronald Araújo,Ronald Araújo,Pass (Live),Jordi Alba,Pass (Dead),
3,2023-02-23,Europa Lg,Knockout round play-offs,Away,Barcelona,Manchester Utd,Y,0.79,1.00,Right Foot,13,18,0-0,David de Gea,,Alejandro Balde,Fouled,Franck Kessié,Pass (Live),
4,2023-02-19,La Liga,Matchweek 22,Home,Barcelona,Cádiz,Y,0.06,0.18,Right Foot,18,45+1,1-0,Jeremías Ledesma,Sergi Roberto,Sergi Roberto,Pass (Live),Frenkie de Jong,Pass (Live),
5,2023-02-01,La Liga,Matchweek 17,Away,Barcelona,Betis,Y,0.21,0.40,Right Foot,9,80,1-0,Rui Silva,Ronald Araújo,Ronald Araújo,Shot,,,
6,2023-01-19,Copa del Rey,Round of 16,Away,Barcelona,AD Ceuta,Y,,,,,90,4-0,Leandro Montagud,Eric García,,,,,
7,2023-01-19,Copa del Rey,Round of 16,Away,Barcelona,AD Ceuta,Y,,,,,50,1-0,Leandro Montagud,Franck Kessié,,,,,
8,2023-01-15,Supercopa de España,Final,Away,Barcelona,Real Madrid,Y,,,,,45,,,Gavi,,,,,
9,2023-01-12,Supercopa de España,Semi-finals,Away,Barcelona,Betis,Y,,,,,40,,,,,,,,
,,,,,,,,,,,,,,,,,,,,
10,2022-12-04,World Cup,Round of 16,Neutral,Poland,France,Y*,0.79,0.99,Right Foot,13,90+9,0-3,Hugo Lloris,,,Fouled,Robert Lewandowski,Pass (Live),
11,2022-11-26,World Cup,Group stage,Neutral,Poland,Saudi Arabia,Y*,0.53,0.18,Left Foot,16,82,1-0,Mohammed Al-Owais,,Robert Lewandowski,Take-On,,,
,,,,,,,,,,,,,,,,,,,,
12,2022-10-29,La Liga,Matchweek 12,Away,Barcelona,Valencia,Y,0.49,0.90,Right Foot,6,90+3,0-0,Giorgi Mamardashvili,Raphinha,Raphinha,Pass (Live),Pedri,Pass (Live),Volley
13,2022-10-23,La Liga,Matchweek 11,Home,Barcelona,Athletic Club,Y,0.10,0.10,Left Foot,16,22,2-0,Unai Simón,Ousmane Dembélé,Ousmane Dembélé,Pass (Live),Ousmane Dembélé,Take-On,
14,2022-10-20,La Liga,Matchweek 10,Home,Barcelona,Villarreal,Y,0.09,0.48,Right Foot,20,35,1-0,Gerónimo Rulli,Gavi,Gavi,Pass (Live),Gavi,Take-On,
15,2022-10-20,La Liga,Matchweek 10,Home,Barcelona,Villarreal,Y,0.07,0.30,Right Foot,11,31,0-0,Gerónimo Rulli,Jordi Alba,Jordi Alba,Pass (Live),Pedri,Pass (Live),
16,2022-10-12,Champions Lg,Group stage,Home,Barcelona,Inter,Y,0.07,0.49,Head,10,90+2,2-3,André Onana,,Eric García,Pass (Live),Frenkie de Jong,Pass (Live),
17,2022-10-12,Champions Lg,Group stage,Home,Barcelona,Inter,Y,0.05,0.04,Left Foot,17,82,1-2,André Onana,,Alejandro Balde,Pass (Live),Ansu Fati,Pass (Live),Deflected
18,2022-10-01,La Liga,Matchweek 7,Away,Barcelona,Mallorca,Y,0.06,0.52,Right Foot,16,20,0-0,Predrag Rajković,Ansu Fati,Ansu Fati,Pass (Live),Ansu Fati,Take-On,
19,2022-09-17,La Liga,Matchweek 6,Home,Barcelona,Elche,Y,0.40,0.85,Right Foot,10,48,2-0,Édgar Badía,,Jules Koundé,Pass (Live),Ousmane Dembélé,Pass (Live),
20,2022-09-17,La Liga,Matchweek 6,Home,Barcelona,Elche,Y,0.75,0.93,Right Foot,4,34,0-0,Édgar Badía,Alejandro Balde,Alejandro Balde,Pass (Live),Pedri,Pass (Live),
21,2022-09-10,La Liga,Matchweek 5,Away,Barcelona,Cádiz,N,0.92,0.97,Right Foot,2,65,1-0,Jeremías Ledesma,,,,,,
22,2022-09-07,Champions Lg,Group stage,Home,Barcelona,Viktoria Plzeň,Y,0.06,0.42,Right Foot,24,67,3-1,Jindřich Staněk,Ferrán Torres,Ferrán Torres,Pass (Live),Jordi Alba,Pass (Live),
23,2022-09-07,Champions Lg,Group stage,Home,Barcelona,Viktoria Plzeň,Y,0.65,0.83,Head,3,45+3,2-1,Jindřich Staněk,Ousmane Dembélé,Ousmane Dembélé,Pass (Live),Ousmane Dembélé,Tackle,
24,2022-09-07,Champions Lg,Group stage,Home,Barcelona,Viktoria Plzeň,Y,0.08,0.41,Right Foot,19,34,1-0,Jindřich Staněk,Sergi Roberto,Sergi Roberto,Pass (Live),Andreas Christensen,Pass (Live),
25,2022-09-03,La Liga,Matchweek 4,Away,Barcelona,Sevilla,Y,0.31,0.65,Right Foot,16,36,1-0,Yassine Bounou,Jules Koundé,Jules Koundé,Pass (Live),Ronald Araújo,Pass (Live),Volley
26,2022-08-28,La Liga,Matchweek 3,Home,Barcelona,Valladolid,Y,0.08,0.46,Right Foot,11,64,2-0,Jordi Masip,Ousmane Dembélé,Ousmane Dembélé,Pass (Live),Ousmane Dembélé,Take-On,Deflected
27,2022-08-28,La Liga,Matchweek 3,Home,Barcelona,Valladolid,Y,0.23,0.87,Right Foot,3,24,0-0,Jordi Masip,Raphinha,Raphinha,Pass (Live),Pedri,Pass (Live),Volley
28,2022-08-21,La Liga,Matchweek 2,Away,Barcelona,Real Sociedad,Y,0.45,0.83,Right Foot,10,68,2-1,Álex Remiro,Ansu Fati,Pedri,Pass (Live),Ansu Fati,Pass (Live),
29,2022-08-21,La Liga,Matchweek 2,Away,Barcelona,Real Sociedad,Y,0.26,0.96,Left Foot,10,1,0-0,Álex Remiro,Alejandro Balde,Alejandro Balde,Pass (Live),Pedri,Pass (Live),
,,,,,,,,,,,,,,,,,,,,
30,2022-06-08,UEFA Nations League,League A,Away,Poland,Belgium,Y*,,,,,28,0-0,Simon Mignolet,Sebastian Szymański,,,,,
,,,,,,,,,,,,,,,,,,,,
31,2022-05-14,Bundesliga,Matchweek 34,Away,Bayern Munich,Wolfsburg,Y,0.18,0.58,Head,7,40,1-0,Koen Casteels,Thomas Müller,Thomas Müller,Pass (Live),Leon Goretzka,Pass (Live),
32,2022-04-30,Bundesliga,Matchweek 32,Away,Bayern Munich,Mainz 05,Y*,0.37,0.96,Left Foot,11,33,0-2,Robin Zentner,Eric Maxim Choupo-Moting,Robert Lewandowski,Take-On,Eric Maxim Choupo-Moting,Pass (Live),
33,2022-04-23,Bundesliga,Matchweek 31,Home,Bayern Munich,Dortmund,Y,0.25,0.40,Left Foot,14,34,1-0,Marwin Hitz,Thomas Müller,Thomas Müller,Pass (Live),Joshua Kimmich,Interception,
34,2022-04-12,Champions Lg,Quarter-finals,Home,Bayern Munich,Villarreal,Y,0.06,0.23,Right Foot,18,52,0-0,Gerónimo Rulli,Thomas Müller,Thomas Müller,Pass (Live),Leon Goretzka,Pass (Live),Deflected
35,2022-04-09,Bundesliga,Matchweek 29,Home,Bayern Munich,Augsburg,Y,0.79,0.98,Right Foot,13,82,0-0,Rafał Gikiewicz,,,Fouled,Robert Lewandowski,Shot,
,,,,,,,,,,,,,,,,,,,,
36,2022-03-29,WCQ,Finals,Home,Poland,Sweden,Y*,,,,,50,0-0,Robin Olsen,,,,,,
,,,,,,,,,,,,,,,,,,,,
37,2022-03-19,Bundesliga,Matchweek 27,Home,Bayern Munich,Union Berlin,Y,0.86,0.65,Left Foot,7,47,3-0,Andreas Luthe,Jamal Musiala,Jamal Musiala,Pass (Live),Thomas Müller,Pass (Live),
38,2022-03-19,Bundesliga,Matchweek 27,Home,Bayern Munich,Union Berlin,Y,0.79,0.99,Right Foot,13,45+1,2-0,Andreas Luthe,,Robert Lewandowski,Fouled,,,
39,2022-03-12,Bundesliga,Matchweek 26,Away,Bayern Munich,Hoffenheim,Y,0.10,0.09,Head,9,45+3,0-1,Oliver Baumann,Joshua Kimmich,Joshua Kimmich,Pass (Dead),,,
40,2022-03-08,Champions Lg,Round of 16,Home,Bayern Munich,RB Salzburg,Y,1.00,0.98,Right Foot,2,23,2-0,Philipp Köhn,,,,,,
41,2022-03-08,Champions Lg,Round of 16,Home,Bayern Munich,RB Salzburg,Y,0.79,0.99,Right Foot,13,21,1-0,Philipp Köhn,,Robert Lewandowski,Fouled,Lucas Hernández,Pass (Live),
42,2022-03-08,Champions Lg,Round of 16,Home,Bayern Munich,RB Salzburg,Y,0.79,0.99,Right Foot,13,12,0-0,Philipp Köhn,,Robert Lewandowski,Fouled,Kingsley Coman,Pass (Live),
43,2022-02-20,Bundesliga,Matchweek 23,Home,Bayern Munich,Greuther Fürth,Y,0.10,0.22,Head,7,82,2-1,Andreas Linde,Niklas Süle,Niklas Süle,Pass (Live),Joshua Kimmich,Pass (Dead),
44,2022-02-20,Bundesliga,Matchweek 23,Home,Bayern Munich,Greuther Fürth,Y,0.34,0.99,Left Foot,3,46,0-1,Andreas Linde,Eric Maxim Choupo-Moting,Serge Gnabry,Pass (Live),Dayot Upamecano,Pass (Live),Deflected
45,2022-02-12,Bundesliga,Matchweek 22,Away,Bayern Munich,Bochum,Y,0.05,0.66,Right Foot,12,75,1-4,Michael Esser,,Leroy Sané,Fouled,Leroy Sané,Take-On,Deflected Volley
46,2022-02-12,Bundesliga,Matchweek 22,Away,Bayern Munich,Bochum,Y,0.50,0.99,Right Foot,5,9,0-0,Michael Esser,Kingsley Coman,Kingsley Coman,Pass (Live),Thomas Müller,Pass (Live),
47,2022-02-05,Bundesliga,Matchweek 21,Home,Bayern Munich,RB Leipzig,Y,0.09,0.56,Head,11,44,1-1,Péter Gulácsi,Kingsley Coman,Kingsley Coman,Pass (Live),Corentin Tolisso,Pass (Live),
48,2022-01-15,Bundesliga,Matchweek 19,Away,Bayern Munich,Köln,Y,0.40,0.89,Left Foot,8,74,3-0,Marvin Schwäbe,Leroy Sané,Leroy Sané,Pass (Live),Thomas Müller,Pass (Live),
49,2022-01-15,Bundesliga,Matchweek 19,Away,Bayern Munich,Köln,Y,0.41,0.54,Left Foot,9,62,2-0,Marvin Schwäbe,Leroy Sané,Leroy Sané,Pass (Live),Marc Roca,Pass (Live),
50,2022-01-15,Bundesliga,Matchweek 19,Away,Bayern Munich,Köln,Y,0.22,0.79,Right Foot,11,9,0-0,Marvin Schwäbe,Thomas Müller,Thomas Müller,Pass (Live),Robert Lewandowski,Pass (Live),
51,2022-01-07,Bundesliga,Matchweek 18,Home,Bayern Munich,M'Gladbach,Y,0.11,0.33,Right Foot,13,18,0-0,Yann Sommer,Thomas Müller,Thomas Müller,Pass (Live),Serge Gnabry,Pass (Live),
52,2021-12-17,Bundesliga,Matchweek 17,Home,Bayern Munich,Wolfsburg,Y,0.52,0.67,Left Foot,9,87,3-0,Koen Casteels,Jamal Musiala,Jamal Musiala,Pass (Live),Dayot Upamecano,Pass (Live),Volley
53,2021-12-14,Bundesliga,Matchweek 16,Away,Bayern Munich,Stuttgart,Y,0.58,0.89,Right Foot,6,72,3-0,Florian Müller,Serge Gnabry,Serge Gnabry,Pass (Live),Niklas Süle,Pass (Live),
54,2021-12-14,Bundesliga,Matchweek 16,Away,Bayern Munich,Stuttgart,Y,0.13,0.56,Right Foot,14,69,2-0,Florian Müller,Serge Gnabry,Robert Lewandowski,Take-On,Serge Gnabry,Pass (Live),
55,2021-12-04,Bundesliga,Matchweek 14,Away,Bayern Munich,Dortmund,Y,0.79,0.99,Right Foot,13,77,2-2,Gregor Kobel,,,Fouled,Kingsley Coman,Pass (Live),
56,2021-12-04,Bundesliga,Matchweek 14,Away,Bayern Munich,Dortmund,Y,0.31,0.87,Right Foot,14,9,0-1,Gregor Kobel,Thomas Müller,Robert Lewandowski,Take-On,,,
57,2021-11-23,Champions Lg,Group stage,Away,Bayern Munich,Dynamo Kyiv,Y,0.32,0.61,Right Foot,13,14,0-0,Heorhii Bushchan,,Benjamin Pavard,Shot,,,Volley
58,2021-11-19,Bundesliga,Matchweek 12,Away,Bayern Munich,Augsburg,Y,0.17,0.70,Right Foot,11,38,0-2,Rafał Gikiewicz,Thomas Müller,Thomas Müller,Pass (Live),Benjamin Pavard,Pass (Live),Volley
,,,,,,,,,,,,,,,,,,,,
59,2021-11-12,WCQ,First round,Away,Poland,Andorra,Y*,,,,,73,3-1,Iker Álvarez,Piotr Zieliński,,,,,
60,2021-11-12,WCQ,First round,Away,Poland,Andorra,Y*,,,,,5,0-0,Iker Álvarez,Kamil Jóźwiak,,,,,
,,,,,,,,,,,,,,,,,,,,
61,2021-11-06,Bundesliga,Matchweek 11,Home,Bayern Munich,Freiburg,Y,0.85,0.96,Right Foot,3,75,1-0,Mark Flekken,Leroy Sané,Leroy Sané,Shot,,,
62,2021-11-02,Champions Lg,Group stage,Home,Bayern Munich,Benfica,Y,0.22,0.37,Right Foot,19,84,4-2,Odisseas Vlachodimos,Manuel Neuer,Manuel Neuer,Pass (Live),Marcel Sabitzer,Pass (Live),
63,2021-11-02,Champions Lg,Group stage,Home,Bayern Munich,Benfica,Y,0.71,0.90,Right Foot,10,61,3-1,Odisseas Vlachodimos,Leroy Sané,Robert Lewandowski,Take-On,Leroy Sané,Pass (Live),
64,2021-11-02,Champions Lg,Group stage,Home,Bayern Munich,Benfica,Y,0.67,0.89,Head,2,26,0-0,Odisseas Vlachodimos,Kingsley Coman,Kingsley Coman,Pass (Live),Kingsley Coman,Take-On,
65,2021-10-30,Bundesliga,Matchweek 10,Away,Bayern Munich,Union Berlin,Y,0.06,0.41,Right Foot,21,23,1-0,Andreas Luthe,Thomas Müller,Thomas Müller,Pass (Live),Joshua Kimmich,Pass (Dead),
66,2021-10-30,Bundesliga,Matchweek 10,Away,Bayern Munich,Union Berlin,Y,0.79,0.99,Right Foot,13,15,0-0,Andreas Luthe,,,Fouled,Leroy Sané,Shot,
67,2021-10-23,Bundesliga,Matchweek 9,Home,Bayern Munich,Hoffenheim,Y,0.06,0.41,Right Foot,26,30,1-0,Oliver Baumann,Thomas Müller,Thomas Müller,Pass (Live),Robert Lewandowski,Pass (Live),
68,2021-10-20,Champions Lg,Group stage,Away,Bayern Munich,Benfica,Y,0.85,0.98,Left Foot,1,82,2-0,Odisseas Vlachodimos,Leroy Sané,Leroy Sané,Pass (Live),Leroy Sané,Shot,
69,2021-10-17,Bundesliga,Matchweek 8,Away,Bayern Munich,Leverkusen,Y,0.20,0.49,Right Foot,10,30,1-0,Lukáš Hrádecký,Alphonso Davies,Leroy Sané,Pass (Live),Joshua Kimmich,Pass (Live),
70,2021-10-17,Bundesliga,Matchweek 8,Away,Bayern Munich,Leverkusen,Y,0.53,0.90,Right Foot,5,3,0-0,Lukáš Hrádecký,Dayot Upamecano,Dayot Upamecano,Pass (Live),Joshua Kimmich,Pass (Dead),Volley
71,2021-09-29,Champions Lg,Group stage,Home,Bayern Munich,Dynamo Kyiv,Y,0.29,0.36,Right Foot,16,27,1-0,Heorhii Bushchan,Thomas Müller,Thomas Müller,Pass (Live),Niklas Süle,Pass (Live),
72,2021-09-29,Champions Lg,Group stage,Home,Bayern Munich,Dynamo Kyiv,Y,0.79,0.97,Right Foot,13,12,0-0,Heorhii Bushchan,,,Fouled,Robert Lewandowski,Shot,
73,2021-09-18,Bundesliga,Matchweek 5,Home,Bayern Munich,Bochum,Y,0.97,0.99,Right Foot,1,61,4-0,Manuel Riemann,,,,,,
74,2021-09-14,Champions Lg,Group stage,Away,Bayern Munich,Barcelona,Y,0.61,0.94,Left Foot,9,85,2-0,Marc-André ter Stegen,Serge Gnabry,Robert Lewandowski,Take-On,Serge Gnabry,Shot,Deflected
75,2021-09-14,Champions Lg,Group stage,Away,Bayern Munich,Barcelona,Y,0.47,0.60,Left Foot,9,56,1-0,Marc-André ter Stegen,Jamal Musiala,Jamal Musiala,Shot,,,
76,2021-09-11,Bundesliga,Matchweek 4,Away,Bayern Munich,RB Leipzig,Y,0.79,0.98,Right Foot,13,12,0-0,Péter Gulácsi,,,Fouled,Lucas Hernández,Pass (Live),
,,,,,,,,,,,,,,,,,,,,
77,2021-09-05,WCQ,First round,Away,Poland,San Marino,Y*,,,,,21,2-0,Elia Benedettini,Damian Szymański,,,,,
78,2021-09-05,WCQ,First round,Away,Poland,San Marino,Y*,,,,,4,0-0,Elia Benedettini,Karol Linetty,,,,,
79,2021-09-02,WCQ,First round,Home,Poland,Albania,Y*,,,,,12,0-0,Etrit Berisha,Kamil Glik,,,,,
,,,,,,,,,,,,,,,,,,,,
80,2021-08-28,Bundesliga,Matchweek 3,Home,Bayern Munich,Hertha BSC,Y,0.69,0.44,Head,4,84,4-0,Alexander Schwolow,Tanguy Nianzou,Tanguy Nianzou,Pass (Live),Joshua Kimmich,Pass (Dead),
81,2021-08-28,Bundesliga,Matchweek 3,Home,Bayern Munich,Hertha BSC,Y,0.50,0.43,Left Foot,8,70,3-0,Alexander Schwolow,Leroy Sané,Leroy Sané,Pass (Live),Thomas Müller,Pass (Live),
82,2021-08-28,Bundesliga,Matchweek 3,Home,Bayern Munich,Hertha BSC,Y,0.39,0.93,Head,4,34,1-0,Alexander Schwolow,,Robert Lewandowski,Shot,,,
83,2021-08-22,Bundesliga,Matchweek 2,Home,Bayern Munich,Köln,Y,0.57,0.92,Right Foot,5,50,0-0,Timo Horn,Jamal Musiala,Jamal Musiala,Pass (Live),Jamal Musiala,Take-On,
84,2021-08-17,DFL-Supercup,DFL-Supercup,Away,Bayern Munich,Dortmund,Y,,,,,74,2-1,Gregor Kobel,Corentin Tolisso,,,,,
85,2021-08-17,DFL-Supercup,DFL-Supercup,Away,Bayern Munich,Dortmund,Y,,,,,41,0-0,Gregor Kobel,Serge Gnabry,,,,,
86,2021-08-13,Bundesliga,Matchweek 1,Away,Bayern Munich,M'Gladbach,Y,0.16,0.06,Right Foot,9,42,0-1,Yann Sommer,Joshua Kimmich,Joshua Kimmich,Pass (Dead),Josip Stanišić,Shot,Volley
,,,,,,,,,,,,,,,,,,,,
87,2021-06-23,UEFA Euro,Group stage,Neutral,Poland,Sweden,Y*,0.42,0.83,Left Foot,9,84,1-2,Robin Olsen,Przemysław Frankowski,Przemysław Frankowski,Pass (Live),Jakub Świerczok,Pass (Live),
88,2021-06-23,UEFA Euro,Group stage,Neutral,Poland,Sweden,Y*,0.07,0.47,Right Foot,17,61,0-2,Robin Olsen,Piotr Zieliński,Piotr Zieliński,Pass (Live),Kamil Jóźwiak,Tackle,
89,2021-06-19,UEFA Euro,Group stage,Neutral,Poland,Spain,Y*,0.10,0.41,Head,8,54,0-1,Unai Simón,Kamil Jóźwiak,Kamil Jóźwiak,Pass (Live),Mateusz Klich,Pass (Live),
,,,,,,,,,,,,,,,,,,,,
90,2021-05-22,Bundesliga,Matchweek 34,Home,Bayern Munich,Augsburg,Y,0.69,0.89,Right Foot,7,90,4-2,Rafał Gikiewicz,,Robert Lewandowski,Take-On,Leroy Sané,Shot,
91,2021-05-15,Bundesliga,Matchweek 33,Away,Bayern Munich,Freiburg,Y,0.79,0.98,Right Foot,13,26,0-0,Mark Flekken,,Thomas Müller,Fouled,,,
92,2021-05-08,Bundesliga,Matchweek 32,Home,Bayern Munich,M'Gladbach,Y,0.79,0.99,Right Foot,13,65,4-0,Yann Sommer,,,Fouled,Leon Goretzka,Shot,
93,2021-05-08,Bundesliga,Matchweek 32,Home,Bayern Munich,M'Gladbach,Y,0.07,0.23,Right Foot,10,34,2-0,Yann Sommer,Thomas Müller,,,,,Volley
94,2021-05-08,Bundesliga,Matchweek 32,Home,Bayern Munich,M'Gladbach,Y,0.05,0.41,Right Foot,13,2,0-0,Yann Sommer,David Alaba,David Alaba,Pass (Live),Thomas Müller,Pass (Live),
95,2021-04-24,Bundesliga,Matchweek 31,Away,Bayern Munich,Mainz 05,Y,0.55,0.97,Right Foot,10,90+4,0-2,Robin Zentner,,,,,,
,,,,,,,,,,,,,,,,,,,,
96,2021-03-28,WCQ,First round,Home,Poland,Andorra,Y*,,,,,55,1-0,Iker Álvarez,Kamil Jóźwiak,,,,,
97,2021-03-28,WCQ,First round,Home,Poland,Andorra,Y*,,,,,30,0-0,Iker Álvarez,Maciej Rybus,,,,,
98,2021-03-25,WCQ,First round,Away,Poland,Hungary,Y*,,,,,83,2-3,Péter Gulácsi,Bartosz Bereszyński,,,,,
,,,,,,,,,,,,,,,,,,,,
99,2021-03-20,Bundesliga,Matchweek 26,Home,Bayern Munich,Stuttgart,Y,0.31,0.63,Left Foot,15,39,3-0,Gregor Kobel,,,,,,
100,2021-03-20,Bundesliga,Matchweek 26,Home,Bayern Munich,Stuttgart,Y,0.29,0.79,Head,10,23,2-0,Gregor Kobel,Thomas Müller,Thomas Müller,Pass (Live),Leroy Sané,Pass (Live),
101,2021-03-20,Bundesliga,Matchweek 26,Home,Bayern Munich,Stuttgart,Y,0.20,0.68,Right Foot,8,17,0-0,Gregor Kobel,Serge Gnabry,Serge Gnabry,Pass (Live),Leroy Sané,Pass (Live),
102,2021-03-17,Champions Lg,Round of 16,Home,Bayern Munich,Lazio,Y,0.79,0.99,Right Foot,13,33,0-0,Pepe Reina,,Leon Goretzka,Fouled,Joshua Kimmich,Pass (Dead),
103,2021-03-13,Bundesliga,Matchweek 25,Away,Bayern Munich,Werder Bremen,Y,0.78,0.90,Right Foot,3,67,2-0,Jiří Pavlenka,,Joshua Kimmich,Pass (Dead),Robert Lewandowski,Shot,
104,2021-03-06,Bundesliga,Matchweek 24,Home,Bayern Munich,Dortmund,Y,0.04,0.34,Right Foot,22,90,3-2,Marwin Hitz,Alphonso Davies,Alphonso Davies,Pass (Live),Robert Lewandowski,Pass (Live),
105,2021-03-06,Bundesliga,Matchweek 24,Home,Bayern Munich,Dortmund,Y,0.79,0.99,Right Foot,13,44,1-2,Marwin Hitz,,Kingsley Coman,Fouled,Jérôme Boateng,Pass (Live),
106,2021-03-06,Bundesliga,Matchweek 24,Home,Bayern Munich,Dortmund,Y,0.80,0.95,Right Foot,4,26,0-2,Marwin Hitz,Leroy Sané,Leroy Sané,Shot,,,
107,2021-02-27,Bundesliga,Matchweek 23,Home,Bayern Munich,Köln,Y,0.07,0.13,Right Foot,18,65,2-1,Timo Horn,Thomas Müller,Thomas Müller,Pass (Live),Alphonso Davies,Pass (Live),
108,2021-02-27,Bundesliga,Matchweek 23,Home,Bayern Munich,Köln,Y,0.26,0.58,Right Foot,13,33,1-0,Timo Horn,Leon Goretzka,Leon Goretzka,Pass (Live),Leon Goretzka,Take-On,
109,2021-02-23,Champions Lg,Round of 16,Away,Bayern Munich,Lazio,Y,0.36,0.43,Left Foot,12,9,0-0,Pepe Reina,,Robert Lewandowski,Take-On,Robert Lewandowski,Interception,
110,2021-02-20,Bundesliga,Matchweek 22,Away,Bayern Munich,Eint Frankfurt,Y,0.66,0.76,Right Foot,6,53,0-2,Kevin Trapp,Leroy Sané,Leroy Sané,Pass (Live),Alphonso Davies,Pass (Live),
111,2021-02-15,Bundesliga,Matchweek 21,Home,Bayern Munich,Arminia,Y,0.13,0.17,Right Foot,9,48,0-2,Stefan Ortega,David Alaba,David Alaba,Pass (Live),Bouna Sarr,Pass (Live),Volley
112,2021-01-30,Bundesliga,Matchweek 19,Home,Bayern Munich,Hoffenheim,Y,0.80,0.96,Right Foot,4,57,2-1,Oliver Baumann,,Joshua Kimmich,Pass (Live),Serge Gnabry,Pass (Live),
113,2021-01-24,Bundesliga,Matchweek 18,Away,Bayern Munich,Schalke 04,Y,0.30,0.51,Right Foot,9,54,1-0,Ralf Fährmann,Joshua Kimmich,Joshua Kimmich,Pass (Live),Jérôme Boateng,Pass (Live),
114,2021-01-20,Bundesliga,Matchweek 17,Away,Bayern Munich,Augsburg,Y,0.79,0.98,Right Foot,13,13,0-0,Rafał Gikiewicz,,Lucas Hernández,Fouled,Serge Gnabry,Pass (Live),
115,2021-01-17,Bundesliga,Matchweek 16,Home,Bayern Munich,Freiburg,Y,0.50,0.87,Left Foot,10,7,0-0,Florian Müller,Thomas Müller,Thomas Müller,Pass (Live),Serge Gnabry,Pass (Live),
116,2021-01-08,Bundesliga,Matchweek 15,Away,Bayern Munich,M'Gladbach,Y,0.79,0.96,Right Foot,13,20,0-0,Yann Sommer,,,Fouled,Alphonso Davies,Interception,
117,2021-01-03,Bundesliga,Matchweek 14,Home,Bayern Munich,Mainz 05,Y,0.38,0.63,Right Foot,10,83,4-2,Finn Dahmen,Thomas Müller,Thomas Müller,Pass (Live),Jamal Musiala,Pass (Live),Volley
118,2021-01-03,Bundesliga,Matchweek 14,Home,Bayern Munich,Mainz 05,Y,0.79,0.99,Right Foot,13,76,3-2,Finn Dahmen,,Serge Gnabry,Fouled,Leon Goretzka,Pass (Live),
119,2020-12-19,Bundesliga,Matchweek 13,Away,Bayern Munich,Leverkusen,Y,0.06,0.07,Right Foot,16,90+3,1-1,Lukáš Hrádecký,Joshua Kimmich,Joshua Kimmich,Pass (Live),,,Deflected
120,2020-12-19,Bundesliga,Matchweek 13,Away,Bayern Munich,Leverkusen,Y,0.34,0.24,Head,8,43,0-1,Lukáš Hrádecký,Thomas Müller,Thomas Müller,Pass (Live),Leroy Sané,Pass (Live),
121,2020-12-16,Bundesliga,Matchweek 12,Home,Bayern Munich,Wolfsburg,Y,0.26,0.69,Right Foot,16,50,1-1,Koen Casteels,Jérôme Boateng,Jérôme Boateng,Pass (Live),,,
122,2020-12-16,Bundesliga,Matchweek 12,Home,Bayern Munich,Wolfsburg,Y,0.44,0.94,Head,6,45+1,0-1,Koen Casteels,Kingsley Coman,Kingsley Coman,Pass (Live),Kingsley Coman,Take-On,
123,2020-12-12,Bundesliga,Matchweek 11,Away,Bayern Munich,Union Berlin,Y,0.51,0.94,Right Foot,10,67,0-1,Andreas Luthe,Kingsley Coman,Kingsley Coman,Pass (Live),Kingsley Coman,Take-On,
124,2020-11-28,Bundesliga,Matchweek 9,Away,Bayern Munich,Stuttgart,Y,0.03,0.30,Right Foot,27,45+1,1-1,Gregor Kobel,Kingsley Coman,Kingsley Coman,Pass (Live),David Alaba,Pass (Live),
125,2020-11-25,Champions Lg,Group stage,Home,Bayern Munich,RB Salzburg,Y,0.47,0.79,Left Foot,9,42,0-0,Cican Stankovic,Thomas Müller,Thomas Müller,Shot,,,
126,2020-11-07,Bundesliga,Matchweek 7,Away,Bayern Munich,Dortmund,Y,0.06,0.50,Head,12,48,1-1,Roman Bürki,Lucas Hernández,Lucas Hernández,Pass (Live),Serge Gnabry,Pass (Live),Deflected
127,2020-11-03,Champions Lg,Group stage,Away,Bayern Munich,RB Salzburg,Y,0.39,0.96,Head,4,88,4-2,Cican Stankovic,Javi Martínez,Javi Martínez,Pass (Live),Bouna Sarr,Pass (Live),
128,2020-11-03,Champions Lg,Group stage,Away,Bayern Munich,RB Salzburg,Y,0.79,0.99,Right Foot,13,21,0-1,Cican Stankovic,,Thomas Müller,Fouled,Kingsley Coman,Pass (Live),
129,2020-10-24,Bundesliga,Matchweek 5,Home,Bayern Munich,Eint Frankfurt,Y,0.31,0.51,Right Foot,14,60,2-0,Kevin Trapp,Douglas Costa,Douglas Costa,Pass (Live),Leon Goretzka,Pass (Live),
130,2020-10-24,Bundesliga,Matchweek 5,Home,Bayern Munich,Eint Frankfurt,Y,0.09,0.38,Head,9,26,1-0,Kevin Trapp,Joshua Kimmich,Joshua Kimmich,Pass (Dead),Joshua Kimmich,Pass (Live),
131,2020-10-24,Bundesliga,Matchweek 5,Home,Bayern Munich,Eint Frankfurt,Y,0.29,0.76,Left Foot,16,10,0-0,Kevin Trapp,Kingsley Coman,Kingsley Coman,Pass (Live),Thomas Müller,Pass (Live),
132,2020-10-17,Bundesliga,Matchweek 4,Away,Bayern Munich,Arminia,Y,0.09,0.13,Right Foot,17,45+1,2-0,Stefan Ortega,Thomas Müller,Thomas Müller,Pass (Live),Leon Goretzka,Pass (Live),Deflected
133,2020-10-17,Bundesliga,Matchweek 4,Away,Bayern Munich,Arminia,Y,0.08,0.13,Right Foot,20,25,1-0,Stefan Ortega,Leon Goretzka,Leon Goretzka,Pass (Live),Leon Goretzka,Take-On,
,,,,,,,,,,,,,,,,,,,,
134,2020-10-14,UEFA Nations League,League A,Home,Poland,Bosnia & Herz'na,Y*,,,,,52,2-0,Ibrahim Šehić,Mateusz Klich,,,,,
135,2020-10-14,UEFA Nations League,League A,Home,Poland,Bosnia & Herz'na,Y*,,,,,40,0-0,Ibrahim Šehić,Kamil Jóźwiak,,,,,
,,,,,,,,,,,,,,,,,,,,
136,2020-10-04,Bundesliga,Matchweek 3,Home,Bayern Munich,Hertha BSC,Y,0.79,0.99,Right Foot,13,90+3,3-3,Alexander Schwolow,,Robert Lewandowski,Fouled,Corentin Tolisso,Pass (Live),
137,2020-10-04,Bundesliga,Matchweek 3,Home,Bayern Munich,Hertha BSC,Y,0.54,0.84,Left Foot,4,85,2-2,Alexander Schwolow,Thomas Müller,Thomas Müller,Pass (Live),David Alaba,Pass (Dead),Volley
138,2020-10-04,Bundesliga,Matchweek 3,Home,Bayern Munich,Hertha BSC,Y,0.10,0.62,Right Foot,19,51,1-0,Alexander Schwolow,Chris Richards,Robert Lewandowski,Take-On,Chris Richards,Pass (Live),
139,2020-10-04,Bundesliga,Matchweek 3,Home,Bayern Munich,Hertha BSC,Y,0.56,0.93,Right Foot,8,40,0-0,Alexander Schwolow,,,,,,Volley
140,2020-09-18,Bundesliga,Matchweek 1,Home,Bayern Munich,Schalke 04,Y,0.79,1.00,Right Foot,13,31,2-0,Ralf Fährmann,,Robert Lewandowski,Fouled,Joshua Kimmich,Pass (Live),
141,2020-08-19,Champions Lg,Semi-finals,Away,Bayern Munich,Lyon,Y,0.08,0.37,Head,9,88,2-0,Anthony Lopes,Joshua Kimmich,Joshua Kimmich,Pass (Dead),Thomas Müller,Fouled,
142,2020-08-14,Champions Lg,Quarter-finals,Neutral,Bayern Munich,Barcelona,Y,0.74,0.97,Head,3,82,5-2,Marc-André ter Stegen,Philippe Coutinho,Philippe Coutinho,Pass (Live),Thomas Müller,Pass (Live),
143,2020-08-08,Champions Lg,Round of 16,Home,Bayern Munich,Chelsea,Y,0.06,0.07,Head,10,83,3-1,Willy Caballero,Álvaro Odriozola,Álvaro Odriozola,Pass (Live),Javi Martínez,Pass (Live),
144,2020-08-08,Champions Lg,Round of 16,Home,Bayern Munich,Chelsea,Y,0.79,0.99,Right Foot,13,10,0-0,Willy Caballero,,Robert Lewandowski,Fouled,Serge Gnabry,Pass (Live),
145,2020-07-04,DFB-Pokal,Final,Away,Bayern Munich,Leverkusen,Y,,,,,89,3-1,Lukáš Hrádecký,Ivan Perišić,,,,,
146,2020-07-04,DFB-Pokal,Final,Away,Bayern Munich,Leverkusen,Y,,,,,59,2-0,Lukáš Hrádecký,Manuel Neuer,,,,,
147,2020-06-27,Bundesliga,Matchweek 34,Away,Bayern Munich,Wolfsburg,Y,0.79,0.97,Right Foot,13,72,2-0,Koen Casteels,,Mickaël Cuisance,Fouled,,,
148,2020-06-20,Bundesliga,Matchweek 33,Home,Bayern Munich,Freiburg,Y,0.71,0.99,Right Foot,4,37,2-1,Alexander Schwolow,Lucas Hernández,Lucas Hernández,Pass (Live),Leon Goretzka,Pass (Live),
149,2020-06-20,Bundesliga,Matchweek 33,Home,Bayern Munich,Freiburg,Y,0.37,0.36,Head,9,24,1-0,Alexander Schwolow,,Leon Goretzka,Shot,,,
150,2020-06-16,Bundesliga,Matchweek 32,Away,Bayern Munich,Werder Bremen,Y,0.39,0.41,Right Foot,11,43,0-0,Jiří Pavlenka,Jérôme Boateng,Jérôme Boateng,Pass (Live),Serge Gnabry,Pass (Live),Volley
151,2020-06-10,DFB-Pokal,Semi-finals,Home,Bayern Munich,Eint Frankfurt,Y,,,,,74,1-1,Kevin Trapp,Joshua Kimmich,,,,,
152,2020-06-06,Bundesliga,Matchweek 30,Away,Bayern Munich,Leverkusen,Y,0.28,0.69,Head,10,66,3-1,Lukáš Hrádecký,Thomas Müller,Thomas Müller,Pass (Live),Joshua Kimmich,Pass (Live),
153,2020-05-30,Bundesliga,Matchweek 29,Home,Bayern Munich,Düsseldorf,Y,0.51,0.95,Right Foot,7,50,3-0,Florian Kastenmeier,Serge Gnabry,Serge Gnabry,Pass (Live),,,
154,2020-05-30,Bundesliga,Matchweek 29,Home,Bayern Munich,Düsseldorf,Y,0.36,0.21,Right Foot,10,43,2-0,Florian Kastenmeier,Thomas Müller,Thomas Müller,Pass (Live),Joshua Kimmich,Pass (Live),
155,2020-05-23,Bundesliga,Matchweek 27,Home,Bayern Munich,Eint Frankfurt,Y,0.34,0.61,Head,8,46,2-0,Kevin Trapp,Kingsley Coman,Kingsley Coman,Pass (Live),Thomas Müller,Pass (Live),
156,2020-05-17,Bundesliga,Matchweek 26,Away,Bayern Munich,Union Berlin,Y,0.79,0.99,Right Foot,13,40,0-0,Rafał Gikiewicz,,Leon Goretzka,Fouled,Joshua Kimmich,Pass (Live),
157,2020-02-25,Champions Lg,Round of 16,Away,Bayern Munich,Chelsea,Y,0.71,0.97,Right Foot,5,76,2-0,Willy Caballero,Alphonso Davies,Alphonso Davies,Pass (Live),Alphonso Davies,Take-On,
158,2020-02-21,Bundesliga,Matchweek 23,Home,Bayern Munich,Paderborn 07,Y,0.55,0.80,Right Foot,6,88,2-2,Leopold Zingerle,Serge Gnabry,Serge Gnabry,Pass (Live),Alphonso Davies,Pass (Live),
159,2020-02-21,Bundesliga,Matchweek 23,Home,Bayern Munich,Paderborn 07,Y,0.45,0.51,Right Foot,12,70,1-1,Leopold Zingerle,Serge Gnabry,Serge Gnabry,Pass (Live),Lucas Hernández,Tackle,
160,2020-02-16,Bundesliga,Matchweek 22,Away,Bayern Munich,Köln,Y,0.21,0.32,Left Foot,14,3,0-0,Timo Horn,Thomas Müller,Thomas Müller,Pass (Live),Thiago Alcántara,Pass (Live),
161,2020-02-05,DFB-Pokal,Round of 16,Home,Bayern Munich,Hoffenheim,Y,,,,,80,3-1,Philipp Pentke,Joshua Kimmich,,,,,
162,2020-02-05,DFB-Pokal,Round of 16,Home,Bayern Munich,Hoffenheim,Y,,,,,36,2-1,Philipp Pentke,Thomas Müller,,,,,
163,2020-02-01,Bundesliga,Matchweek 20,Away,Bayern Munich,Mainz 05,Y,0.26,0.70,Head,10,8,0-0,Robin Zentner,Benjamin Pavard,Benjamin Pavard,Pass (Live),Thiago Alcántara,Pass (Live),
164,2020-01-25,Bundesliga,Matchweek 19,Home,Bayern Munich,Schalke 04,Y,0.39,0.86,Right Foot,11,6,0-0,Markus Schubert,,Jérôme Boateng,Pass (Live),Leon Goretzka,Pass (Live),Deflected Volley
165,2020-01-19,Bundesliga,Matchweek 18,Away,Bayern Munich,Hertha BSC,Y,0.79,0.99,Right Foot,13,73,1-0,Rune Jarstein,,Leon Goretzka,Fouled,Thiago Alcántara,Pass (Live),
166,2019-12-18,Bundesliga,Matchweek 16,Away,Bayern Munich,Freiburg,Y,0.41,0.40,Right Foot,9,16,0-0,Mark Flekken,Alphonso Davies,Alphonso Davies,Pass (Live),Alphonso Davies,Take-On,
167,2019-12-14,Bundesliga,Matchweek 15,Home,Bayern Munich,Werder Bremen,Y,0.50,0.96,Right Foot,6,72,3-1,Jiří Pavlenka,Thomas Müller,Thomas Müller,Pass (Live),Robert Lewandowski,Pass (Live),Volley
168,2019-12-14,Bundesliga,Matchweek 15,Home,Bayern Munich,Werder Bremen,Y,0.37,0.30,Left Foot,10,45+4,1-1,Jiří Pavlenka,Philippe Coutinho,Philippe Coutinho,Pass (Live),Jérôme Boateng,Pass (Live),
169,2019-11-26,Champions Lg,Group stage,Away,Bayern Munich,Red Star,Y,0.60,0.91,Right Foot,11,67,4-0,Milan Borjan,Ivan Perišić,Ivan Perišić,Pass (Live),Robert Lewandowski,Pass (Live),
170,2019-11-26,Champions Lg,Group stage,Away,Bayern Munich,Red Star,Y,0.46,0.96,Head,5,64,3-0,Milan Borjan,Benjamin Pavard,Benjamin Pavard,Pass (Live),Kingsley Coman,Pass (Live),
171,2019-11-26,Champions Lg,Group stage,Away,Bayern Munich,Red Star,Y,0.67,0.94,Right Foot,4,60,2-0,Milan Borjan,Corentin Tolisso,Corentin Tolisso,Shot,,,Volley
172,2019-11-26,Champions Lg,Group stage,Away,Bayern Munich,Red Star,Y,0.79,1.00,Right Foot,13,53,1-0,Milan Borjan,,,Fouled,Corentin Tolisso,Pass (Live),
,,,,,,,,,,,,,,,,,,,,
173,2019-11-19,UEFA Euro Qualifying,Group stage,Home,Poland,Slovenia,Y*,,,,,54,1-1,Jan Oblak,Artur Jędrzejczyk,,,,,
,,,,,,,,,,,,,,,,,,,,
174,2019-11-09,Bundesliga,Matchweek 11,Home,Bayern Munich,Dortmund,Y,0.60,0.96,Right Foot,9,76,2-0,Roman Bürki,Thomas Müller,Thomas Müller,Pass (Live),Robert Lewandowski,Pass (Live),
175,2019-11-09,Bundesliga,Matchweek 11,Home,Bayern Munich,Dortmund,Y,0.54,0.67,Head,4,17,0-0,Roman Bürki,Benjamin Pavard,Benjamin Pavard,Pass (Live),Kingsley Coman,Pass (Live),
176,2019-11-06,Champions Lg,Group stage,Home,Bayern Munich,Olympiacos,Y,0.35,0.70,Right Foot,6,69,0-0,José Sá,Kingsley Coman,Kingsley Coman,Pass (Live),Joshua Kimmich,Pass (Live),
177,2019-11-02,Bundesliga,Matchweek 10,Away,Bayern Munich,Eint Frankfurt,Y,0.63,0.99,Right Foot,9,37,0-2,Frederik Rønnow,Alphonso Davies,Robert Lewandowski,Take-On,Robert Lewandowski,Take-On,
178,2019-10-26,Bundesliga,Matchweek 9,Home,Bayern Munich,Union Berlin,Y,0.24,0.59,Right Foot,19,53,1-0,Rafał Gikiewicz,,Alphonso Davies,Pass (Live),Kingsley Coman,Pass (Live),
179,2019-10-22,Champions Lg,Group stage,Away,Bayern Munich,Olympiacos,Y,0.54,0.97,Right Foot,6,62,1-1,José Sá,Thomas Müller,Thomas Müller,Pass (Live),,,Volley
180,2019-10-22,Champions Lg,Group stage,Away,Bayern Munich,Olympiacos,Y,0.53,0.77,Left Foot,7,34,0-1,José Sá,Thomas Müller,Thomas Müller,Shot,,,
181,2019-10-19,Bundesliga,Matchweek 8,Away,Bayern Munich,Augsburg,Y,0.10,0.36,Head,8,14,0-1,Tomáš Koubek,Serge Gnabry,Serge Gnabry,Pass (Live),Javi Martínez,Pass (Live),
,,,,,,,,,,,,,,,,,,,,
182,2019-10-10,UEFA Euro Qualifying,Group stage,Away,Poland,Latvia,Y*,,,,,76,2-0,Andris Vaņins,Kamil Grosicki,,,,,
183,2019-10-10,UEFA Euro Qualifying,Group stage,Away,Poland,Latvia,Y*,,,,,13,1-0,Andris Vaņins,Kamil Grosicki,,,,,
184,2019-10-10,UEFA Euro Qualifying,Group stage,Away,Poland,Latvia,Y*,,,,,9,0-0,Andris Vaņins,Sebastian Szymański,,,,,
,,,,,,,,,,,,,,,,,,,,
185,2019-10-05,Bundesliga,Matchweek 7,Home,Bayern Munich,Hoffenheim,Y,0.51,0.97,Head,7,73,0-1,Oliver Baumann,Thomas Müller,Thomas Müller,Pass (Live),Joshua Kimmich,Pass (Live),
186,2019-10-01,Champions Lg,Group stage,Away,Bayern Munich,Tottenham,Y,0.14,0.72,Right Foot,13,87,5-2,Hugo Lloris,Philippe Coutinho,Philippe Coutinho,Pass (Live),Ivan Perišić,Pass (Live),
187,2019-10-01,Champions Lg,Group stage,Away,Bayern Munich,Tottenham,Y,0.05,0.37,Right Foot,22,45,1-1,Hugo Lloris,Serge Gnabry,Serge Gnabry,Pass (Live),Robert Lewandowski,Take-On,
188,2019-09-28,Bundesliga,Matchweek 6,Away,Bayern Munich,Paderborn 07,Y,0.53,0.49,Right Foot,11,79,2-1,Jannik Huth,Niklas Süle,Niklas Süle,Pass (Live),Joshua Kimmich,Pass (Live),
189,2019-09-21,Bundesliga,Matchweek 5,Home,Bayern Munich,Köln,Y,0.08,0.40,Head,10,48,1-0,Timo Horn,Joshua Kimmich,Joshua Kimmich,Pass (Dead),Jérôme Boateng,Shot,
190,2019-09-21,Bundesliga,Matchweek 5,Home,Bayern Munich,Köln,Y,0.36,0.26,Right Foot,16,3,0-0,Timo Horn,Joshua Kimmich,Joshua Kimmich,Pass (Live),Corentin Tolisso,Pass (Live),Deflected
191,2019-09-18,Champions Lg,Group stage,Home,Bayern Munich,Red Star,Y,0.68,0.99,Right Foot,5,80,1-0,Milan Borjan,,,,,,
192,2019-09-14,Bundesliga,Matchweek 4,Away,Bayern Munich,RB Leipzig,Y,0.39,0.74,Right Foot,19,3,0-0,Péter Gulácsi,Thomas Müller,Thomas Müller,Pass (Live),,,
193,2019-08-31,Bundesliga,Matchweek 3,Home,Bayern Munich,Mainz 05,Y,0.08,0.31,Right Foot,14,78,4-1,Florian Müller,Thomas Müller,Thomas Müller,Pass (Live),Kingsley Coman,Pass (Live),Deflected Volley
194,2019-08-24,Bundesliga,Matchweek 2,Away,Bayern Munich,Schalke 04,Y,0.27,0.65,Right Foot,16,75,2-0,Alexander Nübel,Kingsley Coman,Kingsley Coman,Pass (Live),Corentin Tolisso,Pass (Live),
195,2019-08-24,Bundesliga,Matchweek 2,Away,Bayern Munich,Schalke 04,Y,0.07,0.44,Right Foot,31,50,1-0,Alexander Nübel,,Corentin Tolisso,Fouled,Serge Gnabry,Pass (Live),
196,2019-08-24,Bundesliga,Matchweek 2,Away,Bayern Munich,Schalke 04,Y,0.79,0.99,Right Foot,13,20,0-0,Alexander Nübel,,Kingsley Coman,Fouled,Joshua Kimmich,Pass (Live),
197,2019-08-16,Bundesliga,Matchweek 1,Home,Bayern Munich,Hertha BSC,Y,0.79,0.99,Right Foot,13,60,1-2,Rune Jarstein,,Robert Lewandowski,Fouled,Thiago Alcántara,Pass (Live),
198,2019-08-16,Bundesliga,Matchweek 1,Home,Bayern Munich,Hertha BSC,Y,0.53,0.70,Left Foot,7,24,0-0,Rune Jarstein,Serge Gnabry,Serge Gnabry,Pass (Live),Joshua Kimmich,Pass (Live),
199,2019-08-12,DFB-Pokal,First round,Away,Bayern Munich,Energie Cottbus,Y,,,,,32,0-0,Lennart Moser,,,,,,
,,,,,,,,,,,,,,,,,,,,
200,2019-06-10,UEFA Euro Qualifying,Group stage,Home,Poland,Israel,Y*,,,,,56,1-0,Ariel Harush,,,,,,
,,,,,,,,,,,,,,,,,,,,
201,2019-05-25,DFB-Pokal,Final,Away,Bayern Munich,RB Leipzig,Y,,,,,85,2-0,Péter Gulácsi,Joshua Kimmich,,,,,
202,2019-05-25,DFB-Pokal,Final,Away,Bayern Munich,RB Leipzig,Y,,,,,29,0-0,Péter Gulácsi,David Alaba,,,,,
203,2019-05-04,Bundesliga,Matchweek 32,Home,Bayern Munich,Hannover 96,Y,0.46,0.47,Head,5,27,0-0,Michael Esser,Joshua Kimmich,Joshua Kimmich,Pass (Live),Serge Gnabry,Pass (Live),
204,2019-04-24,DFB-Pokal,Semi-finals,Away,Bayern Munich,Werder Bremen,Y,,,,,80,2-2,Jiří Pavlenka,,,,,,
205,2019-04-24,DFB-Pokal,Semi-finals,Away,Bayern Munich,Werder Bremen,Y,,,,,36,0-0,Jiří Pavlenka,,,,,,
206,2019-04-06,Bundesliga,Matchweek 28,Home,Bayern Munich,Dortmund,Y,0.88,0.97,Right Foot,3,89,4-0,Roman Bürki,Serge Gnabry,Serge Gnabry,Pass (Live),Joshua Kimmich,Pass (Live),
207,2019-04-06,Bundesliga,Matchweek 28,Home,Bayern Munich,Dortmund,Y,0.26,0.76,Right Foot,23,17,1-0,Roman Bürki,,Robert Lewandowski,Take-On,Robert Lewandowski,Interception,Volley
208,2019-04-03,DFB-Pokal,Quarter-finals,Home,Bayern Munich,Heidenheim,N,,,,,84,4-4,Kevin Müller,,,,,,
209,2019-04-03,DFB-Pokal,Quarter-finals,Home,Bayern Munich,Heidenheim,N,,,,,56,2-2,Kevin Müller,Thomas Müller,,,,,
210,2019-03-30,Bundesliga,Matchweek 27,Away,Bayern Munich,Freiburg,Y,0.17,0.25,Left Foot,8,22,0-1,Alexander Schwolow,Leon Goretzka,Leon Goretzka,Shot,,,Deflected Volley
,,,,,,,,,,,,,,,,,,,,
211,2019-03-24,UEFA Euro Qualifying,Group stage,Home,Poland,Latvia,Y*,,,,,76,0-0,Pāvels Šteinbors,Arkadiusz Reca,,,,,
,,,,,,,,,,,,,,,,,,,,
212,2019-03-17,Bundesliga,Matchweek 26,Home,Bayern Munich,Mainz 05,Y,0.08,0.13,Right Foot,7,3,0-0,Florian Müller,David Alaba,David Alaba,Pass (Live),Kingsley Coman,Pass (Live),Volley
213,2019-03-09,Bundesliga,Matchweek 25,Home,Bayern Munich,Wolfsburg,Y,0.31,0.68,Head,8,85,5-0,Koen Casteels,Franck Ribéry,Franck Ribéry,Pass (Live),Rafinha,Pass (Live),
214,2019-03-09,Bundesliga,Matchweek 25,Home,Bayern Munich,Wolfsburg,Y,0.49,0.69,Right Foot,8,37,1-0,Koen Casteels,Serge Gnabry,Serge Gnabry,Pass (Live),James Rodríguez,Pass (Live),
215,2019-03-02,Bundesliga,Matchweek 24,Away,Bayern Munich,M'Gladbach,Y,0.79,0.99,Right Foot,13,90+1,4-1,Yann Sommer,,Joshua Kimmich,Fouled,Jeong Woo-yeong,Pass (Live),
216,2019-03-02,Bundesliga,Matchweek 24,Away,Bayern Munich,M'Gladbach,Y,0.54,0.92,Right Foot,11,47,2-1,Yann Sommer,Thiago Alcántara,Robert Lewandowski,Take-On,Thiago Alcántara,Pass (Live),
217,2019-02-09,Bundesliga,Matchweek 21,Home,Bayern Munich,Schalke 04,Y*,0.34,0.75,Right Foot,17,27,1-1,Ralf Fährmann,James Rodríguez,James Rodríguez,Pass (Live),Serge Gnabry,Pass (Live),
218,2019-01-27,Bundesliga,Matchweek 19,Home,Bayern Munich,Stuttgart,Y,0.41,0.74,Right Foot,9,84,3-1,Ron-Robert Zieler,Joshua Kimmich,Robert Lewandowski,Take-On,Joshua Kimmich,Pass (Live),
219,2019-01-18,Bundesliga,Matchweek 18,Away,Bayern Munich,Hoffenheim,Y,0.66,0.78,Left Foot,5,87,2-1,Oliver Baumann,Thomas Müller,Thomas Müller,Pass (Live),James Rodríguez,Pass (Live),
220,2018-12-15,Bundesliga,Matchweek 15,Away,Bayern Munich,Hannover 96,Y,0.52,0.72,Head,6,62,3-0,Michael Esser,Joshua Kimmich,Joshua Kimmich,Pass (Live),Thomas Müller,Shot,
221,2018-12-12,Champions Lg,Group stage,Away,Bayern Munich,Ajax,Y,0.79,1.00,Right Foot,13,87,1-2,André Onana,,Thiago Alcántara,Fouled,Thiago Alcántara,Take-On,
222,2018-12-12,Champions Lg,Group stage,Away,Bayern Munich,Ajax,Y,0.31,0.61,Right Foot,10,13,0-0,André Onana,Serge Gnabry,Rafinha,Pass (Live),David Alaba,Pass (Live),
223,2018-12-08,Bundesliga,Matchweek 14,Home,Bayern Munich,Nürnberg,Y,0.42,0.80,Right Foot,10,27,1-0,Fabian Bredlow,,Leon Goretzka,Shot,,,
224,2018-12-08,Bundesliga,Matchweek 14,Home,Bayern Munich,Nürnberg,Y,0.49,0.96,Head,3,9,0-0,Fabian Bredlow,Joshua Kimmich,Joshua Kimmich,Pass (Dead),Franck Ribéry,Shot,
225,2018-11-27,Champions Lg,Group stage,Home,Bayern Munich,Benfica,Y,0.38,0.53,Head,7,51,3-1,Odisseas Vlachodimos,Joshua Kimmich,Joshua Kimmich,Pass (Dead),David Alaba,Pass (Live),
226,2018-11-27,Champions Lg,Group stage,Home,Bayern Munich,Benfica,Y,0.07,0.40,Head,10,36,2-0,Odisseas Vlachodimos,Joshua Kimmich,Joshua Kimmich,Pass (Live),Arjen Robben,Pass (Dead),
227,2018-11-10,Bundesliga,Matchweek 11,Away,Bayern Munich,Dortmund,Y,0.91,0.95,Head,2,52,1-1,Marwin Hitz,Joshua Kimmich,Joshua Kimmich,Pass (Live),Serge Gnabry,Pass (Live),
228,2018-11-10,Bundesliga,Matchweek 11,Away,Bayern Munich,Dortmund,Y,0.46,0.88,Head,6,26,0-0,Marwin Hitz,Serge Gnabry,Serge Gnabry,Pass (Live),Joshua Kimmich,Pass (Live),
229,2018-11-07,Champions Lg,Group stage,Home,Bayern Munich,AEK Athens,Y,0.59,0.94,Right Foot,4,71,1-0,Vasilios Barkas,,Leon Goretzka,Pass (Live),Thomas Müller,Pass (Live),Volley
230,2018-11-07,Champions Lg,Group stage,Home,Bayern Munich,AEK Athens,Y,0.79,1.00,Right Foot,13,31,0-0,Vasilios Barkas,,Robert Lewandowski,Fouled,Franck Ribéry,Shot,
231,2018-10-23,Champions Lg,Group stage,Away,Bayern Munich,AEK Athens,Y,0.80,0.98,Right Foot,3,63,1-0,Vasilios Barkas,Rafinha,Rafinha,Pass (Live),Serge Gnabry,Pass (Live),
232,2018-10-20,Bundesliga,Matchweek 8,Away,Bayern Munich,Wolfsburg,Y,0.70,0.93,Right Foot,3,48,1-0,Koen Casteels,,Robert Lewandowski,Take-On,Robert Lewandowski,Interception,
233,2018-10-20,Bundesliga,Matchweek 8,Away,Bayern Munich,Wolfsburg,Y,0.25,0.41,Right Foot,10,30,0-0,Koen Casteels,Mats Hummels,Mats Hummels,Pass (Live),Niklas Süle,Pass (Live),
234,2018-09-22,Bundesliga,Matchweek 4,Away,Bayern Munich,Schalke 04,Y,0.79,0.98,Right Foot,13,64,1-0,Ralf Fährmann,,James Rodríguez,Fouled,Joshua Kimmich,Pass (Live),
235,2018-09-19,Champions Lg,Group stage,Away,Bayern Munich,Benfica,Y,0.15,0.60,Right Foot,12,10,0-0,Odisseas Vlachodimos,David Alaba,Robert Lewandowski,Take-On,David Alaba,Pass (Live),
236,2018-09-01,Bundesliga,Matchweek 2,Away,Bayern Munich,Stuttgart,Y,0.04,0.31,Left Foot,22,62,1-0,Ron-Robert Zieler,Leon Goretzka,Leon Goretzka,Pass (Live),Thomas Müller,Pass (Live),
237,2018-08-24,Bundesliga,Matchweek 1,Home,Bayern Munich,Hoffenheim,Y,0.79,0.99,Right Foot,13,82,1-1,Oliver Baumann,,Franck Ribéry,Fouled,David Alaba,Pass (Live),
238,2018-08-18,DFB-Pokal,First round,Away,Bayern Munich,Drochtersen/A,Y,,,,,81,0-0,Patrick Siefkes,Leon Goretzka,,,,,
239,2018-08-12,DFL-Supercup,DFL-Supercup,Away,Bayern Munich,Eint Frankfurt,Y,,,,,54,2-0,Frederik Rønnow,Thomas Müller,,,,,
240,2018-08-12,DFL-Supercup,DFL-Supercup,Away,Bayern Munich,Eint Frankfurt,Y,,,,,26,1-0,Frederik Rønnow,Arjen Robben,,,,,
241,2018-08-12,DFL-Supercup,DFL-Supercup,Away,Bayern Munich,Eint Frankfurt,Y,,,,,21,0-0,Frederik Rønnow,Joshua Kimmich,,,,,
,,,,,,,,,,,,,,,,,,,,
242,2018-06-12,Friendlies (M),Friendlies (M),Home,Poland,Lithuania,Y*,,,,,33,1-0,Džiugas Bartkus,,,,,,
243,2018-06-12,Friendlies (M),Friendlies (M),Home,Poland,Lithuania,Y*,,,,,19,0-0,Džiugas Bartkus,Maciej Rybus,,,,,
244,2018-06-08,Friendlies (M),Friendlies (M),Home,Poland,Chile,Y*,,,,,30,0-0,Gabriel Arias,Grzegorz Krychowiak,,,,,
,,,,,,,,,,,,,,,,,,,,
245,2018-05-19,DFB-Pokal,Final,Home,Bayern Munich,Eint Frankfurt,Y,,,,,53,0-1,Lukáš Hrádecký,Joshua Kimmich,,,,,
246,2018-05-05,Bundesliga,Matchweek 33,Away,Bayern Munich,Köln,Y,0.44,0.86,Right Foot,10,61,1-1,Timo Horn,Thomas Müller,Thomas Müller,Pass (Live),Rafinha,Pass (Live),
247,2018-04-21,Bundesliga,Matchweek 31,Away,Bayern Munich,Hannover 96,N,0.06,0.36,Head,11,73,1-0,Philipp Tschauner,Sebastian Rudy,Sebastian Rudy,Pass (Dead),Sebastian Rudy,Pass (Live),
248,2018-04-17,DFB-Pokal,Semi-finals,Away,Bayern Munich,Leverkusen,Y,,,,,9,1-0,Bernd Leno,Franck Ribéry,,,,,
249,2018-04-17,DFB-Pokal,Semi-finals,Away,Bayern Munich,Leverkusen,Y,,,,,3,0-0,Bernd Leno,Javi Martínez,,,,,
250,2018-04-14,Bundesliga,Matchweek 30,Home,Bayern Munich,M'Gladbach,N,0.45,0.95,Right Foot,7,82,4-1,Yann Sommer,,Corentin Tolisso,Pass (Live),Corentin Tolisso,Pass (Live),
251,2018-03-31,Bundesliga,Matchweek 28,Home,Bayern Munich,Dortmund,Y,0.84,0.92,Right Foot,4,87,5-0,Roman Bürki,,Thomas Müller,Pass (Live),Joshua Kimmich,Pass (Live),
252,2018-03-31,Bundesliga,Matchweek 28,Home,Bayern Munich,Dortmund,Y,0.97,0.99,Right Foot,2,44,3-0,Roman Bürki,Franck Ribéry,Franck Ribéry,Shot,,,Deflected
253,2018-03-31,Bundesliga,Matchweek 28,Home,Bayern Munich,Dortmund,Y,0.37,0.36,Right Foot,14,5,0-0,Roman Bürki,Thomas Müller,Thomas Müller,Pass (Live),Jérôme Boateng,Pass (Live),
,,,,,,,,,,,,,,,,,,,,
254,2018-03-27,Friendlies (M),Friendlies (M),Home,Poland,Korea Republic,Y*,,,,,32,0-0,Kim Seung-gyu,Kamil Grosicki,,,,,
,,,,,,,,,,,,,,,,,,,,
255,2018-03-10,Bundesliga,Matchweek 26,Home,Bayern Munich,Hamburger SV,Y,0.79,0.99,Right Foot,13,90,5-0,Christian Mathenia,,Joshua Kimmich,Fouled,Robert Lewandowski,Pass (Live),
256,2018-03-10,Bundesliga,Matchweek 26,Home,Bayern Munich,Hamburger SV,Y,0.36,0.82,Right Foot,12,19,2-0,Christian Mathenia,David Alaba,David Alaba,Pass (Live),Jérôme Boateng,Pass (Live),
257,2018-03-10,Bundesliga,Matchweek 26,Home,Bayern Munich,Hamburger SV,Y,0.57,0.81,Head,5,12,1-0,Christian Mathenia,Joshua Kimmich,Joshua Kimmich,Pass (Live),Arjen Robben,Pass (Live),
258,2018-02-20,Champions Lg,Round of 16,Home,Bayern Munich,Beşiktaş,Y,0.70,1.00,Left Foot,4,88,4-0,Fabricio,Thomas Müller,Thomas Müller,Pass (Live),Arjen Robben,Pass (Live),
259,2018-02-20,Champions Lg,Round of 16,Home,Bayern Munich,Beşiktaş,Y,0.50,0.82,Left Foot,5,79,3-0,Fabricio,,Mats Hummels,Shot,,,
260,2018-02-17,Bundesliga,Matchweek 23,Away,Bayern Munich,Wolfsburg,N,0.79,0.99,Right Foot,13,90+1,1-1,Koen Casteels,,Arjen Robben,Fouled,Rafinha,Pass (Live),
261,2018-02-10,Bundesliga,Matchweek 22,Home,Bayern Munich,Schalke 04,Y,0.70,0.98,Right Foot,6,6,0-0,Ralf Fährmann,,Thomas Müller,Shot,,,
262,2018-02-06,DFB-Pokal,Quarter-finals,Away,Bayern Munich,Paderborn 07,Y,,,,,25,1-0,Michael Ratajczak,Kingsley Coman,,,,,
263,2018-01-27,Bundesliga,Matchweek 20,Home,Bayern Munich,Hoffenheim,Y,0.81,0.99,Left Foot,4,21,0-2,Oliver Baumann,Joshua Kimmich,Joshua Kimmich,Shot,,,
264,2018-01-21,Bundesliga,Matchweek 19,Home,Bayern Munich,Werder Bremen,Y,0.07,0.31,Head,10,76,2-2,Jiří Pavlenka,Thomas Müller,Thomas Müller,Pass (Live),Joshua Kimmich,Pass (Live),
265,2018-01-21,Bundesliga,Matchweek 19,Home,Bayern Munich,Werder Bremen,Y,0.10,0.16,Head,8,63,1-1,Jiří Pavlenka,James Rodríguez,James Rodríguez,Pass (Dead),James Rodríguez,Pass (Live),
266,2017-12-13,Bundesliga,Matchweek 16,Home,Bayern Munich,Köln,Y,0.58,0.95,Left Foot,7,60,0-0,Timo Horn,Thomas Müller,Thomas Müller,Pass (Live),Jérôme Boateng,Pass (Live),Volley
267,2017-12-05,Champions Lg,Group stage,Home,Bayern Munich,Paris S-G,Y,0.49,0.95,Left Foot,8,8,0-0,Alphonse Areola,,James Rodríguez,Pass (Live),Franck Ribéry,Pass (Live),
268,2017-12-02,Bundesliga,Matchweek 14,Home,Bayern Munich,Hannover 96,Y,0.79,0.99,Right Foot,13,87,2-1,Philipp Tschauner,,Kingsley Coman,Fouled,Kingsley Coman,Take-On,
269,2017-11-22,Champions Lg,Group stage,Away,Bayern Munich,Anderlecht,Y,0.52,0.54,Right Foot,8,51,0-0,Matz Sels,Corentin Tolisso,Corentin Tolisso,Pass (Live),James Rodríguez,Pass (Live),
270,2017-11-18,Bundesliga,Matchweek 12,Home,Bayern Munich,Augsburg,Y,0.32,0.62,Left Foot,10,49,2-0,Marwin Hitz,Joshua Kimmich,Joshua Kimmich,Pass (Live),Javi Martínez,Pass (Live),Volley
271,2017-11-18,Bundesliga,Matchweek 12,Home,Bayern Munich,Augsburg,Y,0.34,0.43,Right Foot,14,38,1-0,Marwin Hitz,Arturo Vidal,Arturo Vidal,Pass (Live),Arturo Vidal,Tackle,
272,2017-11-04,Bundesliga,Matchweek 11,Away,Bayern Munich,Dortmund,Y,0.11,0.19,Right Foot,10,37,1-0,Roman Bürki,Joshua Kimmich,Joshua Kimmich,Pass (Live),Arjen Robben,Pass (Live),Deflected
273,2017-10-28,Bundesliga,Matchweek 10,Home,Bayern Munich,RB Leipzig,Y,0.31,0.60,Right Foot,20,38,1-0,Péter Gulácsi,Javi Martínez,Javi Martínez,Pass (Live),Robert Lewandowski,Pass (Live),
274,2017-10-14,Bundesliga,Matchweek 8,Home,Bayern Munich,Freiburg,Y,0.32,0.71,Right Foot,14,75,3-0,Alexander Schwolow,Thomas Müller,Thomas Müller,Pass (Live),Thomas Müller,Tackle,
,,,,,,,,,,,,,,,,,,,,
275,2017-10-08,WCQ,First round,Home,Poland,Montenegro,Y*,,,,,85,2-2,Danijel Petković,,,,,,
276,2017-10-05,WCQ,First round,Away,Poland,Armenia,Y*,,,,,64,4-1,Grigor Meliksetyan,Kamil Grosicki,,,,,
277,2017-10-05,WCQ,First round,Away,Poland,Armenia,Y*,,,,,25,2-0,Grigor Meliksetyan,Kamil Grosicki,,,,,
278,2017-10-05,WCQ,First round,Away,Poland,Armenia,Y*,,,,,18,1-0,Grigor Meliksetyan,,,,,,
,,,,,,,,,,,,,,,,,,,,
279,2017-10-01,Bundesliga,Matchweek 7,Away,Bayern Munich,Hertha BSC,Y,0.35,0.69,Left Foot,11,49,1-0,Rune Jarstein,Corentin Tolisso,Corentin Tolisso,Pass (Live),Jérôme Boateng,Pass (Live),Volley
280,2017-09-22,Bundesliga,Matchweek 6,Home,Bayern Munich,Wolfsburg,Y,0.79,0.95,Right Foot,13,33,0-0,Koen Casteels,,Robert Lewandowski,Fouled,Jérôme Boateng,Pass (Live),
281,2017-09-19,Bundesliga,Matchweek 5,Away,Bayern Munich,Schalke 04,Y,0.79,0.99,Right Foot,13,25,0-0,Ralf Fährmann,,,Fouled,James Rodríguez,Pass (Live),
282,2017-09-16,Bundesliga,Matchweek 4,Home,Bayern Munich,Mainz 05,Y,0.06,0.26,Head,10,77,3-0,René Adler,Joshua Kimmich,Joshua Kimmich,Pass (Live),Franck Ribéry,Pass (Live),
283,2017-09-16,Bundesliga,Matchweek 4,Home,Bayern Munich,Mainz 05,Y,0.40,0.83,Left Foot,9,50,2-0,René Adler,Thomas Müller,Thomas Müller,Pass (Live),Joshua Kimmich,Pass (Live),
284,2017-09-12,Champions Lg,Group stage,Home,Bayern Munich,Anderlecht,Y,0.79,0.99,Right Foot,13,12,0-0,Matz Sels,,Robert Lewandowski,Fouled,Corentin Tolisso,Pass (Live),
,,,,,,,,,,,,,,,,,,,,
285,2017-09-04,WCQ,First round,Home,Poland,Kazakhstan,Y*,,,,,86,2-0,David Loria,,,,,,
,,,,,,,,,,,,,,,,,,,,
286,2017-08-26,Bundesliga,Matchweek 2,Away,Bayern Munich,Werder Bremen,Y,0.08,0.04,Left Foot,17,75,1-0,Jiří Pavlenka,Thomas Müller,Robert Lewandowski,Take-On,Thomas Müller,Pass (Live),
287,2017-08-26,Bundesliga,Matchweek 2,Away,Bayern Munich,Werder Bremen,Y,0.51,0.78,Right Foot,5,72,0-0,Jiří Pavlenka,Kingsley Coman,Kingsley Coman,Pass (Live),Arturo Vidal,Pass (Live),
288,2017-08-18,Bundesliga,Matchweek 1,Home,Bayern Munich,Leverkusen,Y,0.79,0.97,Right Foot,13,53,2-0,Bernd Leno,,Robert Lewandowski,Fouled,David Alaba,Pass (Live),
289,2017-08-12,DFB-Pokal,First round,Away,Bayern Munich,Chemnitzer FC,Y,,,,,60,2-0,Kevin Kunz,Corentin Tolisso,,,,,
290,2017-08-12,DFB-Pokal,First round,Away,Bayern Munich,Chemnitzer FC,Y,,,,,20,0-0,Kevin Kunz,,,,,,
291,2017-08-05,DFL-Supercup,DFL-Supercup,Away,Bayern Munich,Dortmund,Y,,,,,18,0-1,Roman Bürki,Joshua Kimmich,,,,,
,,,,,,,,,,,,,,,,,,,,
292,2017-06-10,WCQ,First round,Home,Poland,Romania,Y*,,,,,62,2-0,Ciprian Tătărușanu,,,,,,
293,2017-06-10,WCQ,First round,Home,Poland,Romania,Y*,,,,,57,1-0,Ciprian Tătărușanu,Piotr Zieliński,,,,,
294,2017-06-10,WCQ,First round,Home,Poland,Romania,Y*,,,,,29,0-0,Ciprian Tătărușanu,,,,,,
,,,,,,,,,,,,,,,,,,,,
295,2017-05-13,Bundesliga,Matchweek 33,Away,Bayern Munich,RB Leipzig,Y,,,,,84,2-4,Péter Gulácsi,,,,,,
296,2017-05-13,Bundesliga,Matchweek 33,Away,Bayern Munich,RB Leipzig,Y,,,,,17,0-1,Péter Gulácsi,,,,,,
297,2017-04-29,Bundesliga,Matchweek 31,Away,Bayern Munich,Wolfsburg,Y,,,,,45,2-0,Koen Casteels,Kingsley Coman,,,,,
298,2017-04-29,Bundesliga,Matchweek 31,Away,Bayern Munich,Wolfsburg,Y,,,,,36,1-0,Koen Casteels,Thomas Müller,,,,,
299,2017-04-18,Champions Lg,Quarter-finals,Away,Bayern Munich,Real Madrid,Y,,,,,53,0-0,Keylor Navas,,,,,,
300,2017-04-08,Bundesliga,Matchweek 28,Home,Bayern Munich,Dortmund,Y,,,,,68,3-1,Roman Bürki,,,,,,
301,2017-04-08,Bundesliga,Matchweek 28,Home,Bayern Munich,Dortmund,Y,,,,,10,1-0,Roman Bürki,,,,,,
302,2017-04-01,Bundesliga,Matchweek 26,Home,Bayern Munich,Augsburg,Y,,,,,79,4-0,Marwin Hitz,,,,,,
303,2017-04-01,Bundesliga,Matchweek 26,Home,Bayern Munich,Augsburg,Y,,,,,55,2-0,Marwin Hitz,Franck Ribéry,,,,,
304,2017-04-01,Bundesliga,Matchweek 26,Home,Bayern Munich,Augsburg,Y,,,,,17,0-0,Marwin Hitz,Thiago Alcántara,,,,,
,,,,,,,,,,,,,,,,,,,,
305,2017-03-26,WCQ,First round,Away,Poland,Montenegro,Y*,,,,,40,0-0,Mladen Božović,,,,,,
,,,,,,,,,,,,,,,,,,,,
306,2017-03-11,Bundesliga,Matchweek 24,Home,Bayern Munich,Eint Frankfurt,Y,,,,,55,2-0,Lukáš Hrádecký,Arjen Robben,,,,,
307,2017-03-11,Bundesliga,Matchweek 24,Home,Bayern Munich,Eint Frankfurt,Y,,,,,38,0-0,Lukáš Hrádecký,Thomas Müller,,,,,
308,2017-03-07,Champions Lg,Round of 16,Away,Bayern Munich,Arsenal,Y,,,,,55,0-1,David Ospina,,,,,,
309,2017-03-01,DFB-Pokal,Quarter-finals,Home,Bayern Munich,Schalke 04,Y,,,,,29,2-0,Ralf Fährmann,,,,,,
310,2017-03-01,DFB-Pokal,Quarter-finals,Home,Bayern Munich,Schalke 04,Y,,,,,3,0-0,Ralf Fährmann,Franck Ribéry,,,,,
311,2017-02-25,Bundesliga,Matchweek 22,Home,Bayern Munich,Hamburger SV,Y,,,,,54,3-0,René Adler,Arjen Robben,,,,,
312,2017-02-25,Bundesliga,Matchweek 22,Home,Bayern Munich,Hamburger SV,Y,,,,,42,2-0,René Adler,,,,,,
313,2017-02-25,Bundesliga,Matchweek 22,Home,Bayern Munich,Hamburger SV,Y,,,,,24,1-0,René Adler,,,,,,
314,2017-02-18,Bundesliga,Matchweek 21,Away,Bayern Munich,Hertha BSC,N,,,,,90+6,0-1,Rune Jarstein,,,,,,
315,2017-02-15,Champions Lg,Round of 16,Home,Bayern Munich,Arsenal,Y,,,,,53,1-1,David Ospina,Philipp Lahm,,,,,
316,2017-02-04,Bundesliga,Matchweek 19,Home,Bayern Munich,Schalke 04,Y,,,,,9,0-0,Ralf Fährmann,Arturo Vidal,,,,,
317,2017-01-20,Bundesliga,Matchweek 17,Away,Bayern Munich,Freiburg,Y,,,,,90+1,1-1,Alexander Schwolow,Franck Ribéry,,,,,
318,2017-01-20,Bundesliga,Matchweek 17,Away,Bayern Munich,Freiburg,Y,,,,,35,0-1,Alexander Schwolow,Douglas Costa,,,,,
319,2016-12-21,Bundesliga,Matchweek 16,Home,Bayern Munich,RB Leipzig,Y,,,,,45,2-0,Péter Gulácsi,,,,,,
320,2016-12-10,Bundesliga,Matchweek 14,Home,Bayern Munich,Wolfsburg,Y,,,,,58,2-0,Diego Benaglio,Thomas Müller,,,,,
321,2016-12-10,Bundesliga,Matchweek 14,Home,Bayern Munich,Wolfsburg,Y,,,,,22,1-0,Diego Benaglio,,,,,,
322,2016-12-06,Champions Lg,Group stage,Home,Bayern Munich,Atlético Madrid,Y,,,,,28,0-0,Jan Oblak,,,,,,
323,2016-12-02,Bundesliga,Matchweek 13,Away,Bayern Munich,Mainz 05,Y,,,,,90+1,2-1,Jonas Lössl,,,,,,
324,2016-12-02,Bundesliga,Matchweek 13,Away,Bayern Munich,Mainz 05,Y,,,,,8,0-1,Jonas Lössl,Arjen Robben,,,,,
,,,,,,,,,,,,,,,,,,,,
325,2016-11-11,WCQ,First round,Away,Poland,Romania,Y*,,,,,90+1,2-0,Ciprian Tătărușanu,,,,,,
326,2016-11-11,WCQ,First round,Away,Poland,Romania,Y*,,,,,82,1-0,Ciprian Tătărușanu,Łukasz Teodorczyk,,,,,
,,,,,,,,,,,,,,,,,,,,
327,2016-11-01,Champions Lg,Group stage,Away,Bayern Munich,PSV Eindhoven,Y,,,,,74,1-1,Remko Pasveer,David Alaba,,,,,
328,2016-11-01,Champions Lg,Group stage,Away,Bayern Munich,PSV Eindhoven,Y,,,,,34,0-1,Remko Pasveer,,,,,,
329,2016-10-29,Bundesliga,Matchweek 9,Away,Bayern Munich,Augsburg,Y,,,,,48,2-0,Marwin Hitz,Arjen Robben,,,,,
330,2016-10-29,Bundesliga,Matchweek 9,Away,Bayern Munich,Augsburg,Y,,,,,19,0-0,Marwin Hitz,Arjen Robben,,,,,
331,2016-10-19,Champions Lg,Group stage,Home,Bayern Munich,PSV Eindhoven,Y,,,,,59,2-1,Jeroen Zoet,Arjen Robben,,,,,
,,,,,,,,,,,,,,,,,,,,
332,2016-10-11,WCQ,First round,Home,Poland,Armenia,Y*,,,,,90+5,1-1,Arsen Beglaryan,Jakub Błaszczykowski,,,,,
333,2016-10-08,WCQ,First round,Home,Poland,Denmark,Y*,,,,,48,2-0,Kasper Schmeichel,,,,,,
334,2016-10-08,WCQ,First round,Home,Poland,Denmark,Y*,,,,,36,1-0,Kasper Schmeichel,,,,,,
335,2016-10-08,WCQ,First round,Home,Poland,Denmark,Y*,,,,,20,0-0,Kasper Schmeichel,Kamil Grosicki,,,,,
,,,,,,,,,,,,,,,,,,,,
336,2016-09-17,Bundesliga,Matchweek 3,Home,Bayern Munich,Ingolstadt 04,Y,,,,,12,0-1,Ørjan Nyland,Franck Ribéry,,,,,
337,2016-09-13,Champions Lg,Group stage,Home,Bayern Munich,Rostov,Y,,,,,28,0-0,Soslan Dzhanayev,,,,,,
338,2016-09-09,Bundesliga,Matchweek 2,Away,Bayern Munich,Schalke 04,Y,,,,,81,0-0,Ralf Fährmann,Javi Martínez,,,,,
,,,,,,,,,,,,,,,,,,,,
339,2016-09-04,WCQ,First round,Away,Poland,Kazakhstan,Y*,,,,,35,1-0,Stas Pokatilov,,,,,,
,,,,,,,,,,,,,,,,,,,,
340,2016-08-26,Bundesliga,Matchweek 1,Home,Bayern Munich,Werder Bremen,Y,,,,,77,5-0,Felix Wiedwald,,,,,,
341,2016-08-26,Bundesliga,Matchweek 1,Home,Bayern Munich,Werder Bremen,Y,,,,,46,2-0,Felix Wiedwald,Thomas Müller,,,,,
342,2016-08-26,Bundesliga,Matchweek 1,Home,Bayern Munich,Werder Bremen,Y,,,,,13,1-0,Felix Wiedwald,Franck Ribéry,,,,,
343,2016-08-19,DFB-Pokal,First round,Away,Bayern Munich,Carl Zeiss Jena,Y,,,,,43,2-0,Raphael Koczor,Franck Ribéry,,,,,
344,2016-08-19,DFB-Pokal,First round,Away,Bayern Munich,Carl Zeiss Jena,Y,,,,,34,1-0,Raphael Koczor,,,,,,
345,2016-08-19,DFB-Pokal,First round,Away,Bayern Munich,Carl Zeiss Jena,Y,,,,,3,0-0,Raphael Koczor,Thomas Müller,,,,,
,,,,,,,,,,,,,,,,,,,,
346,2016-06-30,UEFA Euro,Quarter-finals,Neutral,Poland,Portugal,Y*,,,,,2,0-0,Rui Patrício,Kamil Grosicki,,,,,
,,,,,,,,,,,,,,,,,,,,
347,2016-05-14,Bundesliga,Matchweek 34,Home,Bayern Munich,Hannover 96,Y,,,,,12,0-0,Ron-Robert Zieler,,,,,,
348,2016-05-07,Bundesliga,Matchweek 33,Away,Bayern Munich,Ingolstadt 04,Y,,,,,32,1-0,Ramazan Özcan,Xabi Alonso,,,,,
349,2016-05-07,Bundesliga,Matchweek 33,Away,Bayern Munich,Ingolstadt 04,Y,,,,,15,0-0,Ramazan Özcan,,,,,,
350,2016-05-03,Champions Lg,Semi-finals,Home,Bayern Munich,Atlético Madrid,Y,,,,,74,1-1,Jan Oblak,Arturo Vidal,,,,,
351,2016-04-16,Bundesliga,Matchweek 30,Home,Bayern Munich,Schalke 04,Y,,,,,65,1-0,Ralf Fährmann,Rafinha,,,,,
352,2016-04-16,Bundesliga,Matchweek 30,Home,Bayern Munich,Schalke 04,Y,,,,,54,0-0,Ralf Fährmann,Arturo Vidal,,,,,
353,2016-03-19,Bundesliga,Matchweek 27,Away,Bayern Munich,Köln,Y,,,,,10,0-0,Timo Horn,,,,,,
354,2016-03-16,Champions Lg,Round of 16,Home,Bayern Munich,Juventus,Y,,,,,73,0-2,Gianluigi Buffon,Douglas Costa,,,,,
355,2016-03-12,Bundesliga,Matchweek 26,Home,Bayern Munich,Werder Bremen,N,,,,,86,3-0,Felix Wiedwald,,,,,,
356,2016-02-27,Bundesliga,Matchweek 23,Away,Bayern Munich,Wolfsburg,Y,,,,,74,1-0,Koen Casteels,Franck Ribéry,,,,,
357,2016-02-20,Bundesliga,Matchweek 22,Home,Bayern Munich,Darmstadt 98,Y,,,,,84,2-1,Christian Mathenia,Franck Ribéry,,,,,
358,2016-02-14,Bundesliga,Matchweek 21,Away,Bayern Munich,Augsburg,Y,,,,,62,1-0,Marwin Hitz,Thiago Alcántara,,,,,
359,2016-02-14,Bundesliga,Matchweek 21,Away,Bayern Munich,Augsburg,Y,,,,,15,0-0,Marwin Hitz,Thomas Müller,,,,,
360,2016-02-10,DFB-Pokal,Quarter-finals,Away,Bayern Munich,Bochum,Y,,,,,90,2-0,Manuel Riemann,Arjen Robben,,,,,
361,2016-02-10,DFB-Pokal,Quarter-finals,Away,Bayern Munich,Bochum,Y,,,,,38,0-0,Manuel Riemann,Thomas Müller,,,,,
362,2016-01-31,Bundesliga,Matchweek 19,Home,Bayern Munich,Hoffenheim,Y,,,,,64,1-0,Oliver Baumann,Philipp Lahm,,,,,
363,2016-01-31,Bundesliga,Matchweek 19,Home,Bayern Munich,Hoffenheim,Y,,,,,32,0-0,Oliver Baumann,Douglas Costa,,,,,
364,2016-01-22,Bundesliga,Matchweek 18,Away,Bayern Munich,Hamburger SV,Y,,,,,61,1-1,René Adler,Thomas Müller,,,,,
365,2016-01-22,Bundesliga,Matchweek 18,Away,Bayern Munich,Hamburger SV,Y,,,,,37,0-0,René Adler,,,,,,
366,2015-12-12,Bundesliga,Matchweek 16,Home,Bayern Munich,Ingolstadt 04,Y,,,,,65,0-0,Ramazan Özcan,Jérôme Boateng,,,,,
367,2015-12-09,Champions Lg,Group stage,Away,Bayern Munich,Dinamo Zagreb,Y,,,,,64,1-0,Eduardo Carvalho,Sebastian Rode,,,,,
368,2015-12-09,Champions Lg,Group stage,Away,Bayern Munich,Dinamo Zagreb,Y,,,,,61,0-0,Eduardo Carvalho,Philipp Lahm,,,,,
369,2015-11-24,Champions Lg,Group stage,Home,Bayern Munich,Olympiacos,Y,,,,,16,1-0,Roberto,Kingsley Coman,,,,,
,,,,,,,,,,,,,,,,,,,,
370,2015-11-13,Friendlies (M),Friendlies (M),Home,Poland,Iceland,Y,,,,,78,3-2,Ögmundur Kristinsson,,,,,,
371,2015-11-13,Friendlies (M),Friendlies (M),Home,Poland,Iceland,Y,,,,,76,2-2,Ögmundur Kristinsson,,,,,,
,,,,,,,,,,,,,,,,,,,,
372,2015-11-07,Bundesliga,Matchweek 12,Home,Bayern Munich,Stuttgart,Y,,,,,37,2-0,Przemysław Tytoń,,,,,,
373,2015-11-04,Champions Lg,Group stage,Home,Bayern Munich,Arsenal,Y,,,,,10,0-0,Petr Čech,Thiago Alcántara,,,,,
374,2015-10-24,Bundesliga,Matchweek 10,Home,Bayern Munich,Köln,Y,,,,,62,2-0,Timo Horn,Douglas Costa,,,,,
,,,,,,,,,,,,,,,,,,,,
375,2015-10-11,Euro Qualifying,Group stage,Home,Poland,Rep. of Ireland,Y*,,,,,42,1-1,Darren Randolph,Krzysztof Mączyński,,,,,
376,2015-10-08,Euro Qualifying,Group stage,Away,Poland,Scotland,Y*,,,,,90+4,1-2,David Marshall,,,,,,
377,2015-10-08,Euro Qualifying,Group stage,Away,Poland,Scotland,Y*,,,,,3,0-0,David Marshall,Arkadiusz Milik,,,,,
,,,,,,,,,,,,,,,,,,,,
378,2015-10-04,Bundesliga,Matchweek 8,Home,Bayern Munich,Dortmund,Y,,,,,58,3-1,Roman Bürki,Mario Götze,,,,,
379,2015-10-04,Bundesliga,Matchweek 8,Home,Bayern Munich,Dortmund,Y,,,,,46,2-1,Roman Bürki,Jérôme Boateng,,,,,
380,2015-09-29,Champions Lg,Group stage,Home,Bayern Munich,Dinamo Zagreb,Y,,,,,55,4-0,Eduardo Carvalho,,,,,,
381,2015-09-29,Champions Lg,Group stage,Home,Bayern Munich,Dinamo Zagreb,Y,,,,,28,3-0,Eduardo Carvalho,Douglas Costa,,,,,
382,2015-09-29,Champions Lg,Group stage,Home,Bayern Munich,Dinamo Zagreb,Y,,,,,21,1-0,Eduardo Carvalho,Thiago Alcántara,,,,,
383,2015-09-26,Bundesliga,Matchweek 7,Away,Bayern Munich,Mainz 05,Y,,,,,63,1-0,Loris Karius,Arturo Vidal,,,,,
384,2015-09-26,Bundesliga,Matchweek 7,Away,Bayern Munich,Mainz 05,Y,,,,,51,0-0,Loris Karius,Kingsley Coman,,,,,
385,2015-09-22,Bundesliga,Matchweek 6,Home,Bayern Munich,Wolfsburg,N,,,,,60,4-1,Diego Benaglio,Mario Götze,,,,,
386,2015-09-22,Bundesliga,Matchweek 6,Home,Bayern Munich,Wolfsburg,N,,,,,57,3-1,Diego Benaglio,,,,,,
387,2015-09-22,Bundesliga,Matchweek 6,Home,Bayern Munich,Wolfsburg,N,,,,,55,2-1,Diego Benaglio,,,,,,
388,2015-09-22,Bundesliga,Matchweek 6,Home,Bayern Munich,Wolfsburg,N,,,,,52,1-1,Diego Benaglio,Douglas Costa,,,,,
389,2015-09-22,Bundesliga,Matchweek 6,Home,Bayern Munich,Wolfsburg,N,,,,,51,0-1,Diego Benaglio,,,,,,
390,2015-09-12,Bundesliga,Matchweek 4,Home,Bayern Munich,Augsburg,Y,,,,,77,0-1,Marwin Hitz,,,,,,
,,,,,,,,,,,,,,,,,,,,
391,2015-09-07,Euro Qualifying,Group stage,Home,Poland,Gibraltar,Y*,,,,,29,3-0,Jordan Perez,Arkadiusz Milik,,,,,
392,2015-09-07,Euro Qualifying,Group stage,Home,Poland,Gibraltar,Y*,,,,,18,2-0,Jordan Perez,Krzysztof Mączyński,,,,,
393,2015-09-04,Euro Qualifying,Group stage,Away,Poland,Germany,Y*,,,,,36,0-2,Manuel Neuer,Kamil Grosicki,,,,,
,,,,,,,,,,,,,,,,,,,,
394,2015-08-22,Bundesliga,Matchweek 2,Away,Bayern Munich,Hoffenheim,N,,,,,90,1-1,Oliver Baumann,Mario Götze,,,,,
395,2015-08-14,Bundesliga,Matchweek 1,Home,Bayern Munich,Hamburger SV,Y,,,,,53,1-0,René Adler,,,,,,
396,2015-08-09,DFB-Pokal,First round,Away,Bayern Munich,Nöttingen,Y,,,,,26,2-1,Robin Kraski,,,,,,
,,,,,,,,,,,,,,,,,,,,
397,2015-06-13,Euro Qualifying,Group stage,Home,Poland,Georgia,Y*,,,,,90+3,3-0,Giorgi Loria,,,,,,
398,2015-06-13,Euro Qualifying,Group stage,Home,Poland,Georgia,Y*,,,,,90+2,2-0,Giorgi Loria,Jakub Błaszczykowski,,,,,
399,2015-06-13,Euro Qualifying,Group stage,Home,Poland,Georgia,Y*,,,,,89,1-0,Giorgi Loria,Arkadiusz Milik,,,,,
,,,,,,,,,,,,,,,,,,,,
400,2015-05-23,Bundesliga,Matchweek 34,Home,Bayern Munich,Mainz 05,Y,,,,,25,0-0,Loris Karius,,,,,,
401,2015-05-12,Champions Lg,Semi-finals,Home,Bayern Munich,Barcelona,Y,,,,,59,1-2,Marc-André ter Stegen,Bastian Schweinsteiger,,,,,
402,2015-04-28,DFB-Pokal,Semi-finals,Home,Bayern Munich,Dortmund,Y,,,,,30,0-0,Mitchell Langerak,,,,,,
403,2015-04-21,Champions Lg,Quarter-finals,Home,Bayern Munich,Porto,Y,,,,,40,4-0,,Thomas Müller,,,,,
404,2015-04-21,Champions Lg,Quarter-finals,Home,Bayern Munich,Porto,Y,,,,,27,2-0,,Thomas Müller,,,,,
405,2015-04-11,Bundesliga,Matchweek 28,Home,Bayern Munich,Eint Frankfurt,Y,,,,,66,1-0,Kevin Trapp,,,,,,
406,2015-04-11,Bundesliga,Matchweek 28,Home,Bayern Munich,Eint Frankfurt,Y,,,,,15,0-0,Kevin Trapp,Thomas Müller,,,,,
407,2015-04-04,Bundesliga,Matchweek 27,Away,Bayern Munich,Dortmund,Y,,,,,36,0-0,Roman Weidenfeller,,,,,,
408,2015-03-14,Bundesliga,Matchweek 25,Away,Bayern Munich,Werder Bremen,Y,,,,,90+1,3-0,Raphael Wolf,Thomas Müller,,,,,
409,2015-03-14,Bundesliga,Matchweek 25,Away,Bayern Munich,Werder Bremen,Y,,,,,76,2-0,Raphael Wolf,Thomas Müller,,,,,
410,2015-03-11,Champions Lg,Round of 16,Home,Bayern Munich,Shakhtar,Y,,,,,75,5-0,Andriy Pyatov,Bastian Schweinsteiger,,,,,
411,2015-02-27,Bundesliga,Matchweek 23,Home,Bayern Munich,Köln,Y,,,,,75,3-1,Timo Horn,Arjen Robben,,,,,
412,2015-02-21,Bundesliga,Matchweek 22,Away,Bayern Munich,Paderborn 07,Y,,,,,37,1-0,Lukas Kruse,Franck Ribéry,,,,,
413,2015-02-21,Bundesliga,Matchweek 22,Away,Bayern Munich,Paderborn 07,Y,,,,,24,0-0,Lukas Kruse,Arjen Robben,,,,,
414,2015-02-14,Bundesliga,Matchweek 21,Home,Bayern Munich,Hamburger SV,Y,,,,,56,5-0,Jaroslav Drobný,Thomas Müller,,,,,
415,2014-12-13,Bundesliga,Matchweek 15,Away,Bayern Munich,Augsburg,Y,,,,,68,2-0,Alex Manninger,Bastian Schweinsteiger,,,,,
416,2014-11-25,Champions Lg,Group stage,Away,Bayern Munich,Manchester City,Y,,,,,45,1-1,Joe Hart,Jérôme Boateng,,,,,
417,2014-11-22,Bundesliga,Matchweek 12,Home,Bayern Munich,Hoffenheim,Y,,,,,40,1-0,Oliver Baumann,Arjen Robben,,,,,
418,2014-11-01,Bundesliga,Matchweek 10,Home,Bayern Munich,Dortmund,Y,,,,,72,0-1,Roman Weidenfeller,,,,,,
419,2014-10-29,DFB-Pokal,Second round,Away,Bayern Munich,Hamburger SV,Y,,,,,7,0-0,Jaroslav Drobný,,,,,,
420,2014-10-21,Champions Lg,Group stage,Away,Bayern Munich,Roma,Y,,,,,25,2-0,Morgan De Sanctis,Juan Bernat,,,,,
421,2014-10-04,Bundesliga,Matchweek 7,Home,Bayern Munich,Hannover 96,Y,,,,,38,2-0,Ron-Robert Zieler,Xherdan Shaqiri,,,,,
422,2014-10-04,Bundesliga,Matchweek 7,Home,Bayern Munich,Hannover 96,Y,,,,,6,0-0,Ron-Robert Zieler,Rafinha,,,,,
423,2014-09-23,Bundesliga,Matchweek 5,Home,Bayern Munich,Paderborn 07,Y,,,,,14,1-0,Lukas Kruse,Philipp Lahm,,,,,
,,,,,,,,,,,,,,,,,,,,
424,2014-09-07,Euro Qualifying,Group stage,Away,Poland,Gibraltar,Y*,,,,,90+2,6-0,Jordan Perez,Filip Starzyński,,,,,
425,2014-09-07,Euro Qualifying,Group stage,Away,Poland,Gibraltar,Y*,,,,,86,5-0,Jordan Perez,Maciej Rybus,,,,,
426,2014-09-07,Euro Qualifying,Group stage,Away,Poland,Gibraltar,Y*,,,,,53,3-0,Jordan Perez,Maciej Rybus,,,,,
427,2014-09-07,Euro Qualifying,Group stage,Away,Poland,Gibraltar,Y*,,,,,50,2-0,Jordan Perez,Jakub Wawrzyniak,,,,,
,,,,,,,,,,,,,,,,,,,,
428,2014-08-30,Bundesliga,Matchweek 2,Away,Bayern Munich,Schalke 04,Y,,,,,10,0-0,Ralf Fährmann,Sebastian Rode,,,,,
,,,,,,,,,,,,,,,,,,,,
429,2014-05-10,Bundesliga,Matchweek 34,Away,Dortmund,Hertha BSC,Y,,,,,80,2-0,Thomas Kraft,,,,,,
430,2014-05-10,Bundesliga,Matchweek 34,Away,Dortmund,Hertha BSC,Y,,,,,41,0-0,Thomas Kraft,,,,,,
431,2014-04-19,Bundesliga,Matchweek 31,Home,Dortmund,Mainz 05,Y,,,,,18,1-1,Loris Karius,,,,,,
432,2014-04-05,Bundesliga,Matchweek 29,Home,Dortmund,Wolfsburg,Y,,,,,51,0-1,Max Grün,,,,,,
433,2014-03-22,Bundesliga,Matchweek 26,Away,Dortmund,Hannover 96,Y,,,,,52,1-0,Ron-Robert Zieler,,,,,,
434,2014-03-01,Bundesliga,Matchweek 23,Home,Dortmund,Nürnberg,Y,,,,,64,1-0,Raphael Schäfer,,,,,,
435,2014-02-25,Champions Lg,Round of 16,Away,Dortmund,Zenit,Y,,,,,71,3-2,,,,,,,
436,2014-02-25,Champions Lg,Round of 16,Away,Dortmund,Zenit,Y,,,,,61,2-1,,,,,,,
437,2014-02-15,Bundesliga,Matchweek 21,Home,Dortmund,Eint Frankfurt,Y,,,,,47,2-0,Kevin Trapp,,,,,,
438,2014-02-08,Bundesliga,Matchweek 20,Away,Dortmund,Werder Bremen,Y,,,,,85,4-0,Raphael Wolf,,,,,,
439,2014-02-08,Bundesliga,Matchweek 20,Away,Dortmund,Werder Bremen,Y,,,,,26,0-0,Raphael Wolf,,,,,,
440,2013-12-11,Champions Lg,Group stage,Away,Dortmund,Marseille,Y,,,,,4,0-0,,,,,,,
441,2013-11-30,Bundesliga,Matchweek 14,Away,Dortmund,Mainz 05,Y,,,,,90,2-1,Loris Karius,,,,,,
442,2013-11-30,Bundesliga,Matchweek 14,Away,Dortmund,Mainz 05,Y,,,,,78,1-1,Loris Karius,,,,,,
443,2013-11-01,Bundesliga,Matchweek 11,Home,Dortmund,Stuttgart,Y,,,,,72,4-1,Sven Ulreich,,,,,,
444,2013-11-01,Bundesliga,Matchweek 11,Home,Dortmund,Stuttgart,Y,,,,,56,3-1,Sven Ulreich,,,,,,
445,2013-11-01,Bundesliga,Matchweek 11,Home,Dortmund,Stuttgart,Y,,,,,54,2-1,Sven Ulreich,,,,,,
446,2013-10-22,Champions Lg,Group stage,Away,Dortmund,Arsenal,Y,,,,,82,1-1,,,,,,,
447,2013-10-01,Champions Lg,Group stage,Home,Dortmund,Marseille,Y,,,,,79,2-0,,,,,,,
448,2013-10-01,Champions Lg,Group stage,Home,Dortmund,Marseille,Y,,,,,19,0-0,,,,,,,
449,2013-09-28,Bundesliga,Matchweek 7,Home,Dortmund,Freiburg,Y,,,,,70,3-0,Oliver Baumann,,,,,,
450,2013-09-28,Bundesliga,Matchweek 7,Home,Dortmund,Freiburg,Y,,,,,58,2-0,Oliver Baumann,,,,,,
451,2013-09-14,Bundesliga,Matchweek 5,Home,Dortmund,Hamburger SV,Y,,,,,81,5-2,René Adler,,,,,,
452,2013-09-14,Bundesliga,Matchweek 5,Home,Dortmund,Hamburger SV,Y,,,,,73,3-2,René Adler,,,,,,
,,,,,,,,,,,,,,,,,,,,
453,2013-09-06,WCQ,First round,Home,Poland,Montenegro,Y,,,,,16,0-1,Mladen Božović,,,,,,
,,,,,,,,,,,,,,,,,,,,
454,2013-08-23,Bundesliga,Matchweek 3,Home,Dortmund,Werder Bremen,Y,,,,,55,0-0,Sebastian Mielitz,,,,,,
455,2013-08-10,Bundesliga,Matchweek 1,Away,Dortmund,Augsburg,Y,,,,,86,3-0,Mohamed Amsif,,,,,,
456,2013-05-18,Bundesliga,Matchweek 34,Home,Dortmund,Hoffenheim,Y,,,,,6,0-0,Koen Casteels,,,,,,
457,2013-04-24,Champions Lg,Semi-finals,Home,Dortmund,Real Madrid,Y,,,,,66,3-1,,,,,,,
458,2013-04-24,Champions Lg,Semi-finals,Home,Dortmund,Real Madrid,Y,,,,,55,2-1,,,,,,,
459,2013-04-24,Champions Lg,Semi-finals,Home,Dortmund,Real Madrid,Y,,,,,50,1-1,,,,,,,
460,2013-04-24,Champions Lg,Semi-finals,Home,Dortmund,Real Madrid,Y,,,,,8,0-0,,,,,,,
461,2013-04-20,Bundesliga,Matchweek 30,Home,Dortmund,Mainz 05,Y,,,,,87,1-0,Christian Wetklo,,,,,,
462,2013-04-13,Bundesliga,Matchweek 29,Away,Dortmund,Greuther Fürth,Y,,,,,80,5-1,Wolfgang Hesl,,,,,,
463,2013-04-09,Champions Lg,Quarter-finals,Home,Dortmund,Málaga,Y,,,,,40,0-1,,,,,,,
464,2013-04-06,Bundesliga,Matchweek 28,Home,Dortmund,Augsburg,N,,,,,90,3-2,Alex Manninger,,,,,,
465,2013-03-30,Bundesliga,Matchweek 27,Away,Dortmund,Stuttgart,Y,,,,,82,1-1,Sven Ulreich,,,,,,
,,,,,,,,,,,,,,,,,,,,
466,2013-03-26,WCQ,First round,Home,Poland,San Marino,Y,,,,,50,2-0,Aldo Junior Simoncini,,,,,,
467,2013-03-26,WCQ,First round,Home,Poland,San Marino,Y,,,,,21,0-0,Aldo Junior Simoncini,,,,,,
,,,,,,,,,,,,,,,,,,,,
468,2013-03-16,Bundesliga,Matchweek 26,Home,Dortmund,Freiburg,Y,,,,,45,2-1,Oliver Baumann,,,,,,
469,2013-03-16,Bundesliga,Matchweek 26,Home,Dortmund,Freiburg,Y,,,,,41,0-1,Oliver Baumann,,,,,,
470,2013-03-09,Bundesliga,Matchweek 25,Away,Dortmund,Schalke 04,Y,,,,,59,0-2,Timo Hildebrand,,,,,,
471,2013-03-02,Bundesliga,Matchweek 24,Home,Dortmund,Hannover 96,Y,,,,,21,1-0,Ron-Robert Zieler,,,,,,
472,2013-03-02,Bundesliga,Matchweek 24,Home,Dortmund,Hannover 96,Y,,,,,8,0-0,Ron-Robert Zieler,,,,,,
473,2013-02-13,Champions Lg,Round of 16,Away,Dortmund,Shakhtar,Y,,,,,41,0-1,,,,,,,
474,2013-02-09,Bundesliga,Matchweek 21,Home,Dortmund,Hamburger SV,Y,,,,,17,0-0,René Adler,,,,,,
475,2013-02-03,Bundesliga,Matchweek 20,Away,Dortmund,Leverkusen,Y,,,,,63,2-2,Bernd Leno,,,,,,
476,2013-01-25,Bundesliga,Matchweek 19,Home,Dortmund,Nürnberg,Y,,,,,88,2-0,Raphael Schäfer,,,,,,
477,2013-01-19,Bundesliga,Matchweek 18,Away,Dortmund,Werder Bremen,Y,,,,,81,3-0,Sebastian Mielitz,,,,,,
478,2012-12-16,Bundesliga,Matchweek 17,Away,Dortmund,Hoffenheim,Y,,,,,66,2-1,Koen Casteels,,,,,,
479,2012-11-24,Bundesliga,Matchweek 13,Away,Dortmund,Mainz 05,Y,,,,,43,1-1,Christian Wetklo,,,,,,
480,2012-11-24,Bundesliga,Matchweek 13,Away,Dortmund,Mainz 05,Y,,,,,11,0-1,Christian Wetklo,,,,,,
481,2012-11-21,Champions Lg,Group stage,Away,Dortmund,Ajax,Y,,,,,67,3-0,,,,,,,
482,2012-11-21,Champions Lg,Group stage,Away,Dortmund,Ajax,Y,,,,,41,2-0,,,,,,,
483,2012-11-17,Bundesliga,Matchweek 12,Home,Dortmund,Greuther Fürth,Y,,,,,15,1-1,Max Grün,,,,,,
484,2012-11-17,Bundesliga,Matchweek 12,Home,Dortmund,Greuther Fürth,Y,,,,,3,0-0,Max Grün,,,,,,
485,2012-11-10,Bundesliga,Matchweek 11,Away,Dortmund,Augsburg,Y,,,,,70,2-0,Simon Jentzsch,,,,,,
486,2012-11-10,Bundesliga,Matchweek 11,Away,Dortmund,Augsburg,Y,,,,,51,1-0,Simon Jentzsch,,,,,,
487,2012-10-24,Champions Lg,Group stage,Home,Dortmund,Real Madrid,Y,,,,,36,0-0,,,,,,,
488,2012-10-20,Bundesliga,Matchweek 8,Home,Dortmund,Schalke 04,Y,,,,,55,0-2,Lars Unnerstall,,,,,,
489,2012-10-07,Bundesliga,Matchweek 7,Away,Dortmund,Hannover 96,Y,,,,,26,0-0,Ron-Robert Zieler,,,,,,
490,2012-09-18,Champions Lg,Group stage,Home,Dortmund,Ajax,Y,,,,,87,0-0,,,,,,,
491,2012-09-15,Bundesliga,Matchweek 3,Home,Dortmund,Leverkusen,Y,,,,,78,2-0,Bernd Leno,,,,,,
,,,,,,,,,,,,,,,,,,,,
492,2012-06-08,UEFA Euro,Group stage,Home,Poland,Greece,Y,,,,,17,0-0,Kostas Chalkias,Jakub Błaszczykowski,,,,,
,,,,,,,,,,,,,,,,,,,,
493,2012-05-05,Bundesliga,Matchweek 34,Home,Dortmund,Freiburg,Y,,,,,27,2-0,Daniel Batz,,,,,,
494,2012-05-05,Bundesliga,Matchweek 34,Home,Dortmund,Freiburg,Y,,,,,20,1-0,Daniel Batz,,,,,,
495,2012-04-11,Bundesliga,Matchweek 30,Home,Dortmund,Bayern Munich,Y,,,,,77,0-0,Manuel Neuer,,,,,,
496,2012-04-07,Bundesliga,Matchweek 29,Away,Dortmund,Wolfsburg,Y,,,,,90,2-1,Diego Benaglio,,,,,,
497,2012-04-07,Bundesliga,Matchweek 29,Away,Dortmund,Wolfsburg,Y,,,,,22,0-0,Diego Benaglio,,,,,,
498,2012-03-25,Bundesliga,Matchweek 27,Away,Dortmund,Köln,Y,,,,,52,2-1,Michael Rensing,,,,,,
499,2012-02-26,Bundesliga,Matchweek 23,Home,Dortmund,Hannover 96,Y,,,,,54,1-0,Ron-Robert Zieler,,,,,,
500,2012-02-26,Bundesliga,Matchweek 23,Home,Dortmund,Hannover 96,Y,,,,,27,0-0,Ron-Robert Zieler,,,,,,
501,2012-01-22,Bundesliga,Matchweek 18,Away,Dortmund,Hamburger SV,Y,,,,,83,4-0,Jaroslav Drobný,,,,,,
502,2012-01-22,Bundesliga,Matchweek 18,Away,Dortmund,Hamburger SV,Y,,,,,37,1-0,Jaroslav Drobný,,,,,,
503,2011-12-17,Bundesliga,Matchweek 17,Away,Dortmund,Freiburg,Y,,,,,70,3-1,Oliver Baumann,,,,,,
504,2011-12-17,Bundesliga,Matchweek 17,Away,Dortmund,Freiburg,Y,,,,,7,0-0,Oliver Baumann,,,,,,
505,2011-12-03,Bundesliga,Matchweek 15,Away,Dortmund,M'Gladbach,Y,,,,,40,0-0,Marc-André ter Stegen,,,,,,
506,2011-11-26,Bundesliga,Matchweek 14,Home,Dortmund,Schalke 04,Y,,,,,16,0-0,Lars Unnerstall,,,,,,
507,2011-11-05,Bundesliga,Matchweek 12,Home,Dortmund,Wolfsburg,Y,,,,,66,3-1,Diego Benaglio,,,,,,
508,2011-10-22,Bundesliga,Matchweek 10,Home,Dortmund,Köln,Y,,,,,50,3-0,Michael Rensing,,,,,,
509,2011-10-22,Bundesliga,Matchweek 10,Home,Dortmund,Köln,Y,,,,,44,2-0,Michael Rensing,,,,,,
510,2011-10-19,Champions Lg,Group stage,Away,Dortmund,Olympiacos,Y,,,,,26,0-1,,,,,,,
511,2011-10-01,Bundesliga,Matchweek 8,Home,Dortmund,Augsburg,Y,,,,,78,3-0,Simon Jentzsch,,,,,,
512,2011-10-01,Bundesliga,Matchweek 8,Home,Dortmund,Augsburg,Y,,,,,44,1-0,Simon Jentzsch,,,,,,
513,2011-10-01,Bundesliga,Matchweek 8,Home,Dortmund,Augsburg,Y,,,,,30,0-0,Simon Jentzsch,,,,,,
514,2011-09-10,Bundesliga,Matchweek 5,Home,Dortmund,Hertha BSC,Y,,,,,88,0-2,Thomas Kraft,,,,,,
515,2011-08-20,Bundesliga,Matchweek 3,Home,Dortmund,Nürnberg,Y,,,,,50,0-0,Patrick Rakovsky,,,,,,
516,2011-04-30,Bundesliga,Matchweek 32,Home,Dortmund,Nürnberg,Y,,,,,43,1-0,Raphael Schäfer,,,,,,
517,2011-04-17,Bundesliga,Matchweek 30,Home,Dortmund,Freiburg,Y,,,,,43,1-0,Oliver Baumann,,,,,,
518,2011-03-04,Bundesliga,Matchweek 25,Home,Dortmund,Köln,Y,,,,,44,0-0,Michael Rensing,,,,,,
519,2010-12-05,Bundesliga,Matchweek 15,Away,Dortmund,Nürnberg,Y,,,,,88,1-0,Raphael Schäfer,,,,,,
520,2010-12-02,Europa Lg,Group stage,Home,Dortmund,Karpaty Lviv,Y,,,,,89,2-0,,,,,,,
521,2010-11-20,Bundesliga,Matchweek 13,Away,Dortmund,Freiburg,N,,,,,75,0-1,Oliver Baumann,,,,,,
522,2010-11-07,Bundesliga,Matchweek 11,Away,Dortmund,Hannover 96,N,,,,,81,2-0,Florian Fromlowitz,,,,,,
523,2010-09-22,Bundesliga,Matchweek 5,Home,Dortmund,Kaiserslautern,N,,,,,75,3-0,Tobias Sippel,,,,,,
524,2010-09-19,Bundesliga,Matchweek 4,Away,Dortmund,Schalke 04,N,,,,,86,2-0,Manuel Neuer,,,,,,
,,,,,,,,,,,,,,,,,,,,
525,2009-08-06,Europa Lg,Third qualifying round,Home,Lech Poznań,Fredrikstad,Y,,,,,63,0-2,,,,,,,
526,2009-07-30,Europa Lg,Third qualifying round,Away,Lech Poznań,Fredrikstad,Y,,,,,51,3-1,,,,,,,
,,,,,,,,,,,,,,,,,,,,
527,2009-04-01,WCQ,First round,Home,Poland,San Marino,Y,,,,,43,3-0,Federico Valentini,,,,,,
,,,,,,,,,,,,,,,,,,,,
528,2008-10-02,UEFA Cup,First round,Home,Lech Poznań,Austria Wien,Y,,,,,99,2-1,,,,,,,
,,,,,,,,,,,,,,,,,,,,
529,2008-09-10,WCQ,First round,Away,Poland,San Marino,N,,,,,66,1-0,Aldo Junior Simoncini,,,,,,
,,,,,,,,,,,,,,,,,,,,
530,2008-08-14,UEFA Cup,Second qualifying round,Home,Lech Poznań,Grasshopper,Y,,,,,56,2-0,,,,,,,
531,2008-08-14,UEFA Cup,Second qualifying round,Home,Lech Poznań,Grasshopper,Y,,,,,14,1-0,,,,,,,
532,2008-07-17,UEFA Cup,First qualifying round,Away,Lech Poznań,Khazar Lankaran,N,,,,,75,0-0,,,,,,,
